"symbol","kind","angular_capability","source","line","source_status","head4db0ac9_status","reference_c421_status","nova_spec","disposition","rationale"
"SdAnchorItem","ClassDeclaration","components/anchor","components/anchor/src/components/anchor-item/anchor-item.component.ts","6","tag-v2.15-source-identical","tag-v2.13-source-identical","tag-v2.15-source-identical","C16","P1","Tham khảo semantics; thay API Angular/template/token bằng contract React tại spec, không giữ từng symbol 1:1."
"SdAnchor","ClassDeclaration","components/anchor","components/anchor/src/components/anchor/anchor.component.ts","24","tag-v2.15-source-identical","tag-v2.13-source-identical","tag-v2.15-source-identical","C16","P1","Tham khảo semantics; thay API Angular/template/token bằng contract React tại spec, không giữ từng symbol 1:1."
"IAnchorItem","InterfaceDeclaration","components/anchor","components/anchor/src/models/sd-anchor.model.ts","3","tag-v2.15-source-identical","tag-v2.13-source-identical","tag-v2.15-source-identical","C16","P1","Tham khảo semantics; thay API Angular/template/token bằng contract React tại spec, không giữ từng symbol 1:1."
"SdApiContractBuilder","ClassDeclaration","components/api-contract-builder","components/api-contract-builder/src/api-contract-builder.component.ts","118","tag-v2.15-source-identical","tag-v2.13-source-identical","tag-v2.15-source-identical","EXCLUDED","business-tooling","API contract expression/schema/request builder không là end-user Core; app developer tooling tự sở hữu."
"provideSdApiContract","FunctionDeclaration","components/api-contract-builder","components/api-contract-builder/src/api-contract.configuration.ts","44","tag-v2.15-source-identical","tag-v2.13-source-identical","tag-v2.15-source-identical","EXCLUDED","business-tooling","API contract expression/schema/request builder không là end-user Core; app developer tooling tự sở hữu."
"resolveSdApiContractConfiguration","FunctionDeclaration","components/api-contract-builder","components/api-contract-builder/src/api-contract.configuration.ts","49","tag-v2.15-source-identical","tag-v2.13-source-identical","tag-v2.15-source-identical","EXCLUDED","business-tooling","API contract expression/schema/request builder không là end-user Core; app developer tooling tự sở hữu."
"SD_API_CONTRACT_CONFIGURATION","FirstStatement","components/api-contract-builder","components/api-contract-builder/src/api-contract.configuration.ts","30","tag-v2.15-source-identical","tag-v2.13-source-identical","tag-v2.15-source-identical","EXCLUDED","business-tooling","API contract expression/schema/request builder không là end-user Core; app developer tooling tự sở hữu."
"SD_API_CONTRACT_EMPTY_CONFIGURATION","FirstStatement","components/api-contract-builder","components/api-contract-builder/src/api-contract.configuration.ts","28","tag-v2.15-source-identical","tag-v2.13-source-identical","tag-v2.15-source-identical","EXCLUDED","business-tooling","API contract expression/schema/request builder không là end-user Core; app developer tooling tự sở hữu."
"SdApiContractConfiguration","InterfaceDeclaration","components/api-contract-builder","components/api-contract-builder/src/api-contract.configuration.ts","23","tag-v2.15-source-identical","tag-v2.13-source-identical","tag-v2.15-source-identical","EXCLUDED","business-tooling","API contract expression/schema/request builder không là end-user Core; app developer tooling tự sở hữu."
"SdApiContractEnvironmentVariable","InterfaceDeclaration","components/api-contract-builder","components/api-contract-builder/src/api-contract.configuration.ts","11","tag-v2.15-source-identical","tag-v2.13-source-identical","tag-v2.15-source-identical","EXCLUDED","business-tooling","API contract expression/schema/request builder không là end-user Core; app developer tooling tự sở hữu."
"extractSdApiContractReferences","FunctionDeclaration","components/api-contract-builder","components/api-contract-builder/src/api-contract.expression.ts","132","tag-v2.15-source-identical","tag-v2.13-source-identical","tag-v2.15-source-identical","EXCLUDED","business-tooling","API contract expression/schema/request builder không là end-user Core; app developer tooling tự sở hữu."
"parseSdApiContractTemplate","FunctionDeclaration","components/api-contract-builder","components/api-contract-builder/src/api-contract.expression.ts","75","tag-v2.15-source-identical","tag-v2.13-source-identical","tag-v2.15-source-identical","EXCLUDED","business-tooling","API contract expression/schema/request builder không là end-user Core; app developer tooling tự sở hữu."
"SdApiContractExpressionReference","InterfaceDeclaration","components/api-contract-builder","components/api-contract-builder/src/api-contract.expression.ts","28","tag-v2.15-source-identical","tag-v2.13-source-identical","tag-v2.15-source-identical","EXCLUDED","business-tooling","API contract expression/schema/request builder không là end-user Core; app developer tooling tự sở hữu."
"SdApiContractTemplate","InterfaceDeclaration","components/api-contract-builder","components/api-contract-builder/src/api-contract.expression.ts","40","tag-v2.15-source-identical","tag-v2.13-source-identical","tag-v2.15-source-identical","EXCLUDED","business-tooling","API contract expression/schema/request builder không là end-user Core; app developer tooling tự sở hữu."
"SdApiContractTemplateError","InterfaceDeclaration","components/api-contract-builder","components/api-contract-builder/src/api-contract.expression.ts","20","tag-v2.15-source-identical","tag-v2.13-source-identical","tag-v2.15-source-identical","EXCLUDED","business-tooling","API contract expression/schema/request builder không là end-user Core; app developer tooling tự sở hữu."
"SdApiContractTemplateErrorCode","TypeAliasDeclaration","components/api-contract-builder","components/api-contract-builder/src/api-contract.expression.ts","12","tag-v2.15-source-identical","tag-v2.13-source-identical","tag-v2.15-source-identical","EXCLUDED","business-tooling","API contract expression/schema/request builder không là end-user Core; app developer tooling tự sở hữu."
"SdApiContractTemplateKind","TypeAliasDeclaration","components/api-contract-builder","components/api-contract-builder/src/api-contract.expression.ts","10","tag-v2.15-source-identical","tag-v2.13-source-identical","tag-v2.15-source-identical","EXCLUDED","business-tooling","API contract expression/schema/request builder không là end-user Core; app developer tooling tự sở hữu."
"SD_API_CONTRACT_ALLOWED_ROOTS","FirstStatement","components/api-contract-builder","components/api-contract-builder/src/api-contract.model.ts","280","tag-v2.15-source-identical","tag-v2.13-source-identical","tag-v2.15-source-identical","EXCLUDED","business-tooling","API contract expression/schema/request builder không là end-user Core; app developer tooling tự sở hữu."
"SD_API_CONTRACT_DATA_TYPES","FirstStatement","components/api-contract-builder","components/api-contract-builder/src/api-contract.model.ts","20","tag-v2.15-source-identical","tag-v2.13-source-identical","tag-v2.15-source-identical","EXCLUDED","business-tooling","API contract expression/schema/request builder không là end-user Core; app developer tooling tự sở hữu."
"SD_API_CONTRACT_EXPRESSION_ROOTS","FirstStatement","components/api-contract-builder","components/api-contract-builder/src/api-contract.model.ts","270","tag-v2.15-source-identical","tag-v2.13-source-identical","tag-v2.15-source-identical","EXCLUDED","business-tooling","API contract expression/schema/request builder không là end-user Core; app developer tooling tự sở hữu."
"SD_API_CONTRACT_HTTP_METHODS","FirstStatement","components/api-contract-builder","components/api-contract-builder/src/api-contract.model.ts","194","tag-v2.15-source-identical","tag-v2.13-source-identical","tag-v2.15-source-identical","EXCLUDED","business-tooling","API contract expression/schema/request builder không là end-user Core; app developer tooling tự sở hữu."
"SD_API_CONTRACT_SCALAR_DATA_TYPES","FirstStatement","components/api-contract-builder","components/api-contract-builder/src/api-contract.model.ts","30","tag-v2.15-source-identical","tag-v2.13-source-identical","tag-v2.15-source-identical","EXCLUDED","business-tooling","API contract expression/schema/request builder không là end-user Core; app developer tooling tự sở hữu."
"SD_API_CONTRACT_VERSION","FirstStatement","components/api-contract-builder","components/api-contract-builder/src/api-contract.model.ts","234","tag-v2.15-source-identical","tag-v2.13-source-identical","tag-v2.15-source-identical","EXCLUDED","business-tooling","API contract expression/schema/request builder không là end-user Core; app developer tooling tự sở hữu."
"SdApiContract","InterfaceDeclaration","components/api-contract-builder","components/api-contract-builder/src/api-contract.model.ts","236","tag-v2.15-source-identical","tag-v2.13-source-identical","tag-v2.15-source-identical","EXCLUDED","business-tooling","API contract expression/schema/request builder không là end-user Core; app developer tooling tự sở hữu."
"SdApiContractAnyNode","TypeAliasDeclaration","components/api-contract-builder","components/api-contract-builder/src/api-contract.model.ts","182","tag-v2.15-source-identical","tag-v2.13-source-identical","tag-v2.15-source-identical","EXCLUDED","business-tooling","API contract expression/schema/request builder không là end-user Core; app developer tooling tự sở hữu."
"SdApiContractDataType","TypeAliasDeclaration","components/api-contract-builder","components/api-contract-builder/src/api-contract.model.ts","12","tag-v2.15-source-identical","tag-v2.13-source-identical","tag-v2.15-source-identical","EXCLUDED","business-tooling","API contract expression/schema/request builder không là end-user Core; app developer tooling tự sở hữu."
"SdApiContractDiagnostic","InterfaceDeclaration","components/api-contract-builder","components/api-contract-builder/src/api-contract.model.ts","253","tag-v2.15-source-identical","tag-v2.13-source-identical","tag-v2.15-source-identical","EXCLUDED","business-tooling","API contract expression/schema/request builder không là end-user Core; app developer tooling tự sở hữu."
"SdApiContractDiagnosticSeverity","TypeAliasDeclaration","components/api-contract-builder","components/api-contract-builder/src/api-contract.model.ts","251","tag-v2.15-source-identical","tag-v2.13-source-identical","tag-v2.15-source-identical","EXCLUDED","business-tooling","API contract expression/schema/request builder không là end-user Core; app developer tooling tự sở hữu."
"SdApiContractExpressionRoot","TypeAliasDeclaration","components/api-contract-builder","components/api-contract-builder/src/api-contract.model.ts","268","tag-v2.15-source-identical","tag-v2.13-source-identical","tag-v2.15-source-identical","EXCLUDED","business-tooling","API contract expression/schema/request builder không là end-user Core; app developer tooling tự sở hữu."
"SdApiContractFeArrayNode","InterfaceDeclaration","components/api-contract-builder","components/api-contract-builder/src/api-contract.model.ts","103","tag-v2.15-source-identical","tag-v2.13-source-identical","tag-v2.15-source-identical","EXCLUDED","business-tooling","API contract expression/schema/request builder không là end-user Core; app developer tooling tự sở hữu."
"SdApiContractFeObjectNode","InterfaceDeclaration","components/api-contract-builder","components/api-contract-builder/src/api-contract.model.ts","98","tag-v2.15-source-identical","tag-v2.13-source-identical","tag-v2.15-source-identical","EXCLUDED","business-tooling","API contract expression/schema/request builder không là end-user Core; app developer tooling tự sở hữu."
"SdApiContractFeScalarNode","InterfaceDeclaration","components/api-contract-builder","components/api-contract-builder/src/api-contract.model.ts","92","tag-v2.15-source-identical","tag-v2.13-source-identical","tag-v2.15-source-identical","EXCLUDED","business-tooling","API contract expression/schema/request builder không là end-user Core; app developer tooling tự sở hữu."
"SdApiContractFeSchemaNode","TypeAliasDeclaration","components/api-contract-builder","components/api-contract-builder/src/api-contract.model.ts","109","tag-v2.15-source-identical","tag-v2.13-source-identical","tag-v2.15-source-identical","EXCLUDED","business-tooling","API contract expression/schema/request builder không là end-user Core; app developer tooling tự sở hữu."
"SdApiContractHttpMethod","TypeAliasDeclaration","components/api-contract-builder","components/api-contract-builder/src/api-contract.model.ts","192","tag-v2.15-source-identical","tag-v2.13-source-identical","tag-v2.15-source-identical","EXCLUDED","business-tooling","API contract expression/schema/request builder không là end-user Core; app developer tooling tự sở hữu."
"SdApiContractJsonValue","TypeAliasDeclaration","components/api-contract-builder","components/api-contract-builder/src/api-contract.model.ts","54","tag-v2.15-source-identical","tag-v2.13-source-identical","tag-v2.15-source-identical","EXCLUDED","business-tooling","API contract expression/schema/request builder không là end-user Core; app developer tooling tự sở hữu."
"SdApiContractMappedFeArrayNode","InterfaceDeclaration","components/api-contract-builder","components/api-contract-builder/src/api-contract.model.ts","171","tag-v2.15-source-identical","tag-v2.13-source-identical","tag-v2.15-source-identical","EXCLUDED","business-tooling","API contract expression/schema/request builder không là end-user Core; app developer tooling tự sở hữu."
"SdApiContractMappedFeObjectNode","InterfaceDeclaration","components/api-contract-builder","components/api-contract-builder/src/api-contract.model.ts","166","tag-v2.15-source-identical","tag-v2.13-source-identical","tag-v2.15-source-identical","EXCLUDED","business-tooling","API contract expression/schema/request builder không là end-user Core; app developer tooling tự sở hữu."
"SdApiContractMappedFeScalarNode","InterfaceDeclaration","components/api-contract-builder","components/api-contract-builder/src/api-contract.model.ts","161","tag-v2.15-source-identical","tag-v2.13-source-identical","tag-v2.15-source-identical","EXCLUDED","business-tooling","API contract expression/schema/request builder không là end-user Core; app developer tooling tự sở hữu."
"SdApiContractMappedFeSchemaNode","TypeAliasDeclaration","components/api-contract-builder","components/api-contract-builder/src/api-contract.model.ts","176","tag-v2.15-source-identical","tag-v2.13-source-identical","tag-v2.15-source-identical","EXCLUDED","business-tooling","API contract expression/schema/request builder không là end-user Core; app developer tooling tự sở hữu."
"SdApiContractMappedRestArrayNode","InterfaceDeclaration","components/api-contract-builder","components/api-contract-builder/src/api-contract.model.ts","146","tag-v2.15-source-identical","tag-v2.13-source-identical","tag-v2.15-source-identical","EXCLUDED","business-tooling","API contract expression/schema/request builder không là end-user Core; app developer tooling tự sở hữu."
"SdApiContractMappedRestNode","TypeAliasDeclaration","components/api-contract-builder","components/api-contract-builder/src/api-contract.model.ts","152","tag-v2.15-source-identical","tag-v2.13-source-identical","tag-v2.15-source-identical","EXCLUDED","business-tooling","API contract expression/schema/request builder không là end-user Core; app developer tooling tự sở hữu."
"SdApiContractMappedRestObjectNode","InterfaceDeclaration","components/api-contract-builder","components/api-contract-builder/src/api-contract.model.ts","140","tag-v2.15-source-identical","tag-v2.13-source-identical","tag-v2.15-source-identical","EXCLUDED","business-tooling","API contract expression/schema/request builder không là end-user Core; app developer tooling tự sở hữu."
"SdApiContractMappedRestScalarNode","InterfaceDeclaration","components/api-contract-builder","components/api-contract-builder/src/api-contract.model.ts","136","tag-v2.15-source-identical","tag-v2.13-source-identical","tag-v2.15-source-identical","EXCLUDED","business-tooling","API contract expression/schema/request builder không là end-user Core; app developer tooling tự sở hữu."
"SdApiContractMapping","InterfaceDeclaration","components/api-contract-builder","components/api-contract-builder/src/api-contract.model.ts","83","tag-v2.15-source-identical","tag-v2.13-source-identical","tag-v2.15-source-identical","EXCLUDED","business-tooling","API contract expression/schema/request builder không là end-user Core; app developer tooling tự sở hữu."
"SdApiContractMappingContext","TypeAliasDeclaration","components/api-contract-builder","components/api-contract-builder/src/api-contract.model.ts","278","tag-v2.15-source-identical","tag-v2.13-source-identical","tag-v2.15-source-identical","EXCLUDED","business-tooling","API contract expression/schema/request builder không là end-user Core; app developer tooling tự sở hữu."
"SdApiContractNodeBase","InterfaceDeclaration","components/api-contract-builder","components/api-contract-builder/src/api-contract.model.ts","69","tag-v2.15-source-identical","tag-v2.13-source-identical","tag-v2.15-source-identical","EXCLUDED","business-tooling","API contract expression/schema/request builder không là end-user Core; app developer tooling tự sở hữu."
"SdApiContractRequest","InterfaceDeclaration","components/api-contract-builder","components/api-contract-builder/src/api-contract.model.ts","212","tag-v2.15-source-identical","tag-v2.13-source-identical","tag-v2.15-source-identical","EXCLUDED","business-tooling","API contract expression/schema/request builder không là end-user Core; app developer tooling tự sở hữu."
"SdApiContractResponse","InterfaceDeclaration","components/api-contract-builder","components/api-contract-builder/src/api-contract.model.ts","222","tag-v2.15-source-identical","tag-v2.13-source-identical","tag-v2.15-source-identical","EXCLUDED","business-tooling","API contract expression/schema/request builder không là end-user Core; app developer tooling tự sở hữu."
"SdApiContractRestArrayNode","InterfaceDeclaration","components/api-contract-builder","components/api-contract-builder/src/api-contract.model.ts","124","tag-v2.15-source-identical","tag-v2.13-source-identical","tag-v2.15-source-identical","EXCLUDED","business-tooling","API contract expression/schema/request builder không là end-user Core; app developer tooling tự sở hữu."
"SdApiContractRestNode","TypeAliasDeclaration","components/api-contract-builder","components/api-contract-builder/src/api-contract.model.ts","130","tag-v2.15-source-identical","tag-v2.13-source-identical","tag-v2.15-source-identical","EXCLUDED","business-tooling","API contract expression/schema/request builder không là end-user Core; app developer tooling tự sở hữu."
"SdApiContractRestObjectNode","InterfaceDeclaration","components/api-contract-builder","components/api-contract-builder/src/api-contract.model.ts","119","tag-v2.15-source-identical","tag-v2.13-source-identical","tag-v2.15-source-identical","EXCLUDED","business-tooling","API contract expression/schema/request builder không là end-user Core; app developer tooling tự sở hữu."
"SdApiContractRestScalarNode","InterfaceDeclaration","components/api-contract-builder","components/api-contract-builder/src/api-contract.model.ts","115","tag-v2.15-source-identical","tag-v2.13-source-identical","tag-v2.15-source-identical","EXCLUDED","business-tooling","API contract expression/schema/request builder không là end-user Core; app developer tooling tự sở hữu."
"SdApiContractScalarDataType","TypeAliasDeclaration","components/api-contract-builder","components/api-contract-builder/src/api-contract.model.ts","15","tag-v2.15-source-identical","tag-v2.13-source-identical","tag-v2.15-source-identical","EXCLUDED","business-tooling","API contract expression/schema/request builder không là end-user Core; app developer tooling tự sở hữu."
"SdApiContractTemporalDataType","TypeAliasDeclaration","components/api-contract-builder","components/api-contract-builder/src/api-contract.model.ts","18","tag-v2.15-source-identical","tag-v2.13-source-identical","tag-v2.15-source-identical","EXCLUDED","business-tooling","API contract expression/schema/request builder không là end-user Core; app developer tooling tự sở hữu."
"sdIsApiContractDataType","FunctionDeclaration","components/api-contract-builder","components/api-contract-builder/src/api-contract.model.ts","38","tag-v2.15-source-identical","tag-v2.13-source-identical","tag-v2.15-source-identical","EXCLUDED","business-tooling","API contract expression/schema/request builder không là end-user Core; app developer tooling tự sở hữu."
"sdIsApiContractHttpMethod","FunctionDeclaration","components/api-contract-builder","components/api-contract-builder/src/api-contract.model.ts","204","tag-v2.15-source-identical","tag-v2.13-source-identical","tag-v2.15-source-identical","EXCLUDED","business-tooling","API contract expression/schema/request builder không là end-user Core; app developer tooling tự sở hữu."
"sdIsApiContractScalarDataType","FunctionDeclaration","components/api-contract-builder","components/api-contract-builder/src/api-contract.model.ts","42","tag-v2.15-source-identical","tag-v2.13-source-identical","tag-v2.15-source-identical","EXCLUDED","business-tooling","API contract expression/schema/request builder không là end-user Core; app developer tooling tự sở hữu."
"sdIsApiContractTemporalDataType","FunctionDeclaration","components/api-contract-builder","components/api-contract-builder/src/api-contract.model.ts","46","tag-v2.15-source-identical","tag-v2.13-source-identical","tag-v2.15-source-identical","EXCLUDED","business-tooling","API contract expression/schema/request builder không là end-user Core; app developer tooling tự sở hữu."
"SD_API_CONTRACT_SAMPLE_ENVIRONMENT","FirstStatement","components/api-contract-builder","components/api-contract-builder/src/api-contract.samples.ts","13","tag-v2.15-source-identical","tag-v2.13-source-identical","tag-v2.15-source-identical","EXCLUDED","business-tooling","API contract expression/schema/request builder không là end-user Core; app developer tooling tự sở hữu."
"sdApiContractCreateSample","FunctionDeclaration","components/api-contract-builder","components/api-contract-builder/src/api-contract.samples.ts","95","tag-v2.15-source-identical","tag-v2.13-source-identical","tag-v2.15-source-identical","EXCLUDED","business-tooling","API contract expression/schema/request builder không là end-user Core; app developer tooling tự sở hữu."
"sdApiContractInvalidSample","FunctionDeclaration","components/api-contract-builder","components/api-contract-builder/src/api-contract.samples.ts","153","tag-v2.15-source-identical","tag-v2.13-source-identical","tag-v2.15-source-identical","EXCLUDED","business-tooling","API contract expression/schema/request builder không là end-user Core; app developer tooling tự sở hữu."
"sdApiContractSearchSample","FunctionDeclaration","components/api-contract-builder","components/api-contract-builder/src/api-contract.samples.ts","22","tag-v2.15-source-identical","tag-v2.13-source-identical","tag-v2.15-source-identical","EXCLUDED","business-tooling","API contract expression/schema/request builder không là end-user Core; app developer tooling tự sở hữu."
"addSdApiContractProperty","FunctionDeclaration","components/api-contract-builder","components/api-contract-builder/src/api-contract.schema.ts","303","tag-v2.15-source-identical","tag-v2.13-source-identical","tag-v2.15-source-identical","EXCLUDED","business-tooling","API contract expression/schema/request builder không là end-user Core; app developer tooling tự sở hữu."
"changeSdApiContractNodeType","FunctionDeclaration","components/api-contract-builder","components/api-contract-builder/src/api-contract.schema.ts","354","tag-v2.15-source-identical","tag-v2.13-source-identical","tag-v2.15-source-identical","EXCLUDED","business-tooling","API contract expression/schema/request builder không là end-user Core; app developer tooling tự sở hữu."
"cloneSdApiContract","FunctionDeclaration","components/api-contract-builder","components/api-contract-builder/src/api-contract.schema.ts","380","tag-v2.15-source-identical","tag-v2.13-source-identical","tag-v2.15-source-identical","EXCLUDED","business-tooling","API contract expression/schema/request builder không là end-user Core; app developer tooling tự sở hữu."
"cloneSdApiContractNode","FunctionDeclaration","components/api-contract-builder","components/api-contract-builder/src/api-contract.schema.ts","370","tag-v2.15-source-identical","tag-v2.13-source-identical","tag-v2.15-source-identical","EXCLUDED","business-tooling","API contract expression/schema/request builder không là end-user Core; app developer tooling tự sở hữu."
"createSdApiContractNode","FunctionDeclaration","components/api-contract-builder","components/api-contract-builder/src/api-contract.schema.ts","342","tag-v2.15-source-identical","tag-v2.13-source-identical","tag-v2.15-source-identical","EXCLUDED","business-tooling","API contract expression/schema/request builder không là end-user Core; app developer tooling tự sở hữu."
"formatSdApiContractExpression","FunctionDeclaration","components/api-contract-builder","components/api-contract-builder/src/api-contract.schema.ts","426","tag-v2.15-source-identical","tag-v2.13-source-identical","tag-v2.15-source-identical","EXCLUDED","business-tooling","API contract expression/schema/request builder không là end-user Core; app developer tooling tự sở hữu."
"formatSdApiContractPointer","FunctionDeclaration","components/api-contract-builder","components/api-contract-builder/src/api-contract.schema.ts","431","tag-v2.15-source-identical","tag-v2.13-source-identical","tag-v2.15-source-identical","EXCLUDED","business-tooling","API contract expression/schema/request builder không là end-user Core; app developer tooling tự sở hữu."
"getSdApiContractNodeAt","FunctionDeclaration","components/api-contract-builder","components/api-contract-builder/src/api-contract.schema.ts","244","tag-v2.15-source-identical","tag-v2.13-source-identical","tag-v2.15-source-identical","EXCLUDED","business-tooling","API contract expression/schema/request builder không là end-user Core; app developer tooling tự sở hữu."
"listSdApiContractResponseFields","FunctionDeclaration","components/api-contract-builder","components/api-contract-builder/src/api-contract.schema.ts","146","tag-v2.15-source-identical","tag-v2.13-source-identical","tag-v2.15-source-identical","EXCLUDED","business-tooling","API contract expression/schema/request builder không là end-user Core; app developer tooling tự sở hữu."
"listSdApiContractSchemaFields","FunctionDeclaration","components/api-contract-builder","components/api-contract-builder/src/api-contract.schema.ts","99","tag-v2.15-source-identical","tag-v2.13-source-identical","tag-v2.15-source-identical","EXCLUDED","business-tooling","API contract expression/schema/request builder không là end-user Core; app developer tooling tự sở hữu."
"parseSdApiContractUrlPlaceholders","FunctionDeclaration","components/api-contract-builder","components/api-contract-builder/src/api-contract.schema.ts","441","tag-v2.15-source-identical","tag-v2.13-source-identical","tag-v2.15-source-identical","EXCLUDED","business-tooling","API contract expression/schema/request builder không là end-user Core; app developer tooling tự sở hữu."
"removeSdApiContractProperty","FunctionDeclaration","components/api-contract-builder","components/api-contract-builder/src/api-contract.schema.ts","324","tag-v2.15-source-identical","tag-v2.13-source-identical","tag-v2.15-source-identical","EXCLUDED","business-tooling","API contract expression/schema/request builder không là end-user Core; app developer tooling tự sở hữu."
"renameSdApiContractProperty","FunctionDeclaration","components/api-contract-builder","components/api-contract-builder/src/api-contract.schema.ts","314","tag-v2.15-source-identical","tag-v2.13-source-identical","tag-v2.15-source-identical","EXCLUDED","business-tooling","API contract expression/schema/request builder không là end-user Core; app developer tooling tự sở hữu."
"resolveSdApiContractResponsePath","FunctionDeclaration","components/api-contract-builder","components/api-contract-builder/src/api-contract.schema.ts","208","tag-v2.15-source-identical","tag-v2.13-source-identical","tag-v2.15-source-identical","EXCLUDED","business-tooling","API contract expression/schema/request builder không là end-user Core; app developer tooling tự sở hữu."
"resolveSdApiContractSchemaPath","FunctionDeclaration","components/api-contract-builder","components/api-contract-builder/src/api-contract.schema.ts","193","tag-v2.15-source-identical","tag-v2.13-source-identical","tag-v2.15-source-identical","EXCLUDED","business-tooling","API contract expression/schema/request builder không là end-user Core; app developer tooling tự sở hữu."
"SdApiContractFieldListOptions","InterfaceDeclaration","components/api-contract-builder","components/api-contract-builder/src/api-contract.schema.ts","62","tag-v2.15-source-identical","tag-v2.13-source-identical","tag-v2.15-source-identical","EXCLUDED","business-tooling","API contract expression/schema/request builder không là end-user Core; app developer tooling tự sở hữu."
"SdApiContractNodePointer","TypeAliasDeclaration","components/api-contract-builder","components/api-contract-builder/src/api-contract.schema.ts","39","tag-v2.15-source-identical","tag-v2.13-source-identical","tag-v2.15-source-identical","EXCLUDED","business-tooling","API contract expression/schema/request builder không là end-user Core; app developer tooling tự sở hữu."
"SdApiContractObjectShape","InterfaceDeclaration","components/api-contract-builder","components/api-contract-builder/src/api-contract.schema.ts","30","tag-v2.15-source-identical","tag-v2.13-source-identical","tag-v2.15-source-identical","EXCLUDED","business-tooling","API contract expression/schema/request builder không là end-user Core; app developer tooling tự sở hữu."
"sdApiContractRecordRemove","FunctionDeclaration","components/api-contract-builder","components/api-contract-builder/src/api-contract.schema.ts","404","tag-v2.15-source-identical","tag-v2.13-source-identical","tag-v2.15-source-identical","EXCLUDED","business-tooling","API contract expression/schema/request builder không là end-user Core; app developer tooling tự sở hữu."
"sdApiContractRecordRename","FunctionDeclaration","components/api-contract-builder","components/api-contract-builder/src/api-contract.schema.ts","414","tag-v2.15-source-identical","tag-v2.13-source-identical","tag-v2.15-source-identical","EXCLUDED","business-tooling","API contract expression/schema/request builder không là end-user Core; app developer tooling tự sở hữu."
"sdApiContractRecordSet","FunctionDeclaration","components/api-contract-builder","components/api-contract-builder/src/api-contract.schema.ts","400","tag-v2.15-source-identical","tag-v2.13-source-identical","tag-v2.15-source-identical","EXCLUDED","business-tooling","API contract expression/schema/request builder không là end-user Core; app developer tooling tự sở hữu."
"SdApiContractResolvedReference","InterfaceDeclaration","components/api-contract-builder","components/api-contract-builder/src/api-contract.schema.ts","69","tag-v2.15-source-identical","tag-v2.13-source-identical","tag-v2.15-source-identical","EXCLUDED","business-tooling","API contract expression/schema/request builder không là end-user Core; app developer tooling tự sở hữu."
"SdApiContractSchemaField","InterfaceDeclaration","components/api-contract-builder","components/api-contract-builder/src/api-contract.schema.ts","49","tag-v2.15-source-identical","tag-v2.13-source-identical","tag-v2.15-source-identical","EXCLUDED","business-tooling","API contract expression/schema/request builder không là end-user Core; app developer tooling tự sở hữu."
"SdApiContractStructuralNode","InterfaceDeclaration","components/api-contract-builder","components/api-contract-builder/src/api-contract.schema.ts","17","tag-v2.15-source-identical","tag-v2.13-source-identical","tag-v2.15-source-identical","EXCLUDED","business-tooling","API contract expression/schema/request builder không là end-user Core; app developer tooling tự sở hữu."
"SdApiContractUrlPlaceholders","InterfaceDeclaration","components/api-contract-builder","components/api-contract-builder/src/api-contract.schema.ts","78","tag-v2.15-source-identical","tag-v2.13-source-identical","tag-v2.15-source-identical","EXCLUDED","business-tooling","API contract expression/schema/request builder không là end-user Core; app developer tooling tự sở hữu."
"setSdApiContractNodeAt","FunctionDeclaration","components/api-contract-builder","components/api-contract-builder/src/api-contract.schema.ts","268","tag-v2.15-source-identical","tag-v2.13-source-identical","tag-v2.15-source-identical","EXCLUDED","business-tooling","API contract expression/schema/request builder không là end-user Core; app developer tooling tự sở hữu."
"serializeSdApiContract","FunctionDeclaration","components/api-contract-builder","components/api-contract-builder/src/api-contract.serializer.ts","18","tag-v2.15-source-identical","tag-v2.13-source-identical","tag-v2.15-source-identical","EXCLUDED","business-tooling","API contract expression/schema/request builder không là end-user Core; app developer tooling tự sở hữu."
"validateSdApiContract","FunctionDeclaration","components/api-contract-builder","components/api-contract-builder/src/api-contract.validation.ts","37","tag-v2.15-source-identical","tag-v2.13-source-identical","tag-v2.15-source-identical","EXCLUDED","business-tooling","API contract expression/schema/request builder không là end-user Core; app developer tooling tự sở hữu."
"SdAuditDiff","ClassDeclaration","components/audit-diff","components/audit-diff/src/audit-diff.component.ts","29","tag-v2.15-source-identical","tag-v2.13-source-identical","tag-v2.15-source-identical","X04","P3","Tham khảo semantics; thay API Angular/template/token bằng contract React tại spec, không giữ từng symbol 1:1."
"SdAuditDiffMode","TypeAliasDeclaration","components/audit-diff","components/audit-diff/src/audit-diff.component.ts","6","tag-v2.15-source-identical","tag-v2.13-source-identical","tag-v2.15-source-identical","X04","P3","Tham khảo semantics; thay API Angular/template/token bằng contract React tại spec, không giữ từng symbol 1:1."
"SdAuditDiffValueTemplateContext","InterfaceDeclaration","components/audit-diff","components/audit-diff/src/audit-diff.component.ts","8","tag-v2.15-source-identical","tag-v2.13-source-identical","tag-v2.15-source-identical","X04","P3","Tham khảo semantics; thay API Angular/template/token bằng contract React tại spec, không giữ từng symbol 1:1."
"SdAuditDiffValueTemplateDirective","ClassDeclaration","components/audit-diff","components/audit-diff/src/audit-diff.component.ts","14","tag-v2.15-source-identical","tag-v2.13-source-identical","tag-v2.15-source-identical","X04","P3","Tham khảo semantics; thay API Angular/template/token bằng contract React tại spec, không giữ từng symbol 1:1."
"SdAuditDiffArrayKey","TypeAliasDeclaration","components/audit-diff","components/audit-diff/src/audit-diff.engine.ts","3","tag-v2.15-source-identical","tag-v2.13-source-identical","tag-v2.15-source-identical","X04","P3","Tham khảo semantics; thay API Angular/template/token bằng contract React tại spec, không giữ từng symbol 1:1."
"SdAuditDiffField","InterfaceDeclaration","components/audit-diff","components/audit-diff/src/audit-diff.engine.ts","14","tag-v2.15-source-identical","tag-v2.13-source-identical","tag-v2.15-source-identical","X04","P3","Tham khảo semantics; thay API Angular/template/token bằng contract React tại spec, không giữ từng symbol 1:1."
"SdAuditDiffFormatContext","InterfaceDeclaration","components/audit-diff","components/audit-diff/src/audit-diff.engine.ts","5","tag-v2.15-source-identical","tag-v2.13-source-identical","tag-v2.15-source-identical","X04","P3","Tham khảo semantics; thay API Angular/template/token bằng contract React tại spec, không giữ từng symbol 1:1."
"SdAuditDiffKind","TypeAliasDeclaration","components/audit-diff","components/audit-diff/src/audit-diff.engine.ts","1","tag-v2.15-source-identical","tag-v2.13-source-identical","tag-v2.15-source-identical","X04","P3","Tham khảo semantics; thay API Angular/template/token bằng contract React tại spec, không giữ từng symbol 1:1."
"SdAuditDiffOptions","InterfaceDeclaration","components/audit-diff","components/audit-diff/src/audit-diff.engine.ts","25","tag-v2.15-source-identical","tag-v2.13-source-identical","tag-v2.15-source-identical","X04","P3","Tham khảo semantics; thay API Angular/template/token bằng contract React tại spec, không giữ từng symbol 1:1."
"SdAuditDiffRow","InterfaceDeclaration","components/audit-diff","components/audit-diff/src/audit-diff.engine.ts","32","tag-v2.15-source-identical","tag-v2.13-source-identical","tag-v2.15-source-identical","X04","P3","Tham khảo semantics; thay API Angular/template/token bằng contract React tại spec, không giữ từng symbol 1:1."
"SdAuditDiffSide","TypeAliasDeclaration","components/audit-diff","components/audit-diff/src/audit-diff.engine.ts","2","tag-v2.15-source-identical","tag-v2.13-source-identical","tag-v2.15-source-identical","X04","P3","Tham khảo semantics; thay API Angular/template/token bằng contract React tại spec, không giữ từng symbol 1:1."
"sdBuildAuditDiff","FunctionDeclaration","components/audit-diff","components/audit-diff/src/audit-diff.engine.ts","60","tag-v2.15-source-identical","tag-v2.13-source-identical","tag-v2.15-source-identical","X04","P3","Tham khảo semantics; thay API Angular/template/token bằng contract React tại spec, không giữ từng symbol 1:1."
"SdAutoidInspector","ClassDeclaration","components/autoid-inspector","components/autoid-inspector/src/autoid-inspector.component.ts","33","tag-v2.15-source-identical","tag-v2.13-source-identical","tag-v2.15-source-identical","EXCLUDED","developer-tooling","AutoID inspector dành showcase/debug; Nova chỉ data-testid pass-through, không export inspector."
"SD_AUTOID_INSPECTOR_CONFIGURATION","FirstStatement","components/autoid-inspector","components/autoid-inspector/src/models/autoid-inspector-config.model.ts","13","tag-v2.15-source-identical","tag-v2.13-source-identical","tag-v2.15-source-identical","EXCLUDED","developer-tooling","AutoID inspector dành showcase/debug; Nova chỉ data-testid pass-through, không export inspector."
"SdAutoidInspectorConfiguration","InterfaceDeclaration","components/autoid-inspector","components/autoid-inspector/src/models/autoid-inspector-config.model.ts","3","tag-v2.15-source-identical","tag-v2.13-source-identical","tag-v2.15-source-identical","EXCLUDED","developer-tooling","AutoID inspector dành showcase/debug; Nova chỉ data-testid pass-through, không export inspector."
"SdAvatar","ClassDeclaration","components/avatar","components/avatar/src/avatar.component.ts","33","snapshot-modified-after-v2.15","tag-v2.13-source-identical","snapshot-modified-after-v2.15","C03","P0","Tham khảo semantics; thay API Angular/template/token bằng contract React tại spec, không giữ từng symbol 1:1."
"SdBadge","ClassDeclaration","components/badge","components/badge/src/badge.component.ts","10","tag-v2.15-source-identical","tag-v2.13-source-identical","tag-v2.15-source-identical","C04","P0","Tham khảo semantics; thay API Angular/template/token bằng contract React tại spec, không giữ từng symbol 1:1."
"SdBadgeType","TypeAliasDeclaration","components/badge","components/badge/src/badge.component.ts","8","tag-v2.15-source-identical","tag-v2.13-source-identical","tag-v2.15-source-identical","C04","P0","Tham khảo semantics; thay API Angular/template/token bằng contract React tại spec, không giữ từng symbol 1:1."
"SdBreadcrumb","ClassDeclaration","components/breadcrumb","components/breadcrumb/src/breadcrumb.component.ts","96","snapshot-modified-after-v2.15","tag-v2.13-source-identical","snapshot-modified-after-v2.15","C06","P0","Tham khảo semantics; thay API Angular/template/token bằng contract React tại spec, không giữ từng symbol 1:1."
"SdBreadcrumbItem","InterfaceDeclaration","components/breadcrumb","components/breadcrumb/src/breadcrumb.component.ts","58","snapshot-modified-after-v2.15","tag-v2.13-source-identical","snapshot-modified-after-v2.15","C06","P0","Tham khảo semantics; thay API Angular/template/token bằng contract React tại spec, không giữ từng symbol 1:1."
"SdBreadcrumbItemTemplateContext","InterfaceDeclaration","components/breadcrumb","components/breadcrumb/src/breadcrumb.component.ts","76","snapshot-modified-after-v2.15","tag-v2.13-source-identical","snapshot-modified-after-v2.15","C06","P0","Tham khảo semantics; thay API Angular/template/token bằng contract React tại spec, không giữ từng symbol 1:1."
"SdBreadcrumbLabel","TypeAliasDeclaration","components/breadcrumb","components/breadcrumb/src/breadcrumb.component.ts","53","snapshot-modified-after-v2.15","tag-v2.13-source-identical","snapshot-modified-after-v2.15","C06","P0","Tham khảo semantics; thay API Angular/template/token bằng contract React tại spec, không giữ từng symbol 1:1."
"SdBreadcrumbResolvedItem","InterfaceDeclaration","components/breadcrumb","components/breadcrumb/src/breadcrumb.component.ts","71","snapshot-modified-after-v2.15","tag-v2.13-source-identical","snapshot-modified-after-v2.15","C06","P0","Tham khảo semantics; thay API Angular/template/token bằng contract React tại spec, không giữ từng symbol 1:1."
"SdBreadcrumbRouteConfig","InterfaceDeclaration","components/breadcrumb","components/breadcrumb/src/breadcrumb.component.ts","67","snapshot-modified-after-v2.15","tag-v2.13-source-identical","snapshot-modified-after-v2.15","C06","P0","Tham khảo semantics; thay API Angular/template/token bằng contract React tại spec, không giữ từng symbol 1:1."
"SdButtonItemDivider","ClassDeclaration","components/button","components/button/src/button-item-divider.component.ts","4","tag-v2.15-source-identical","tag-v2.13-source-identical","tag-v2.15-source-identical","C01,C02","P0/P1","Tham khảo semantics; thay API Angular/template/token bằng contract React tại spec, không giữ từng symbol 1:1."
"SdButtonItem","ClassDeclaration","components/button","components/button/src/button-item.component.ts","18","tag-v2.15-source-identical","tag-v2.13-source-identical","tag-v2.15-source-identical","C01,C02","P0/P1","Tham khảo semantics; thay API Angular/template/token bằng contract React tại spec, không giữ từng symbol 1:1."
"SdButton","ClassDeclaration","components/button","components/button/src/button.component.ts","36","snapshot-modified-after-v2.15","tag-v2.13-source-identical","snapshot-modified-after-v2.15","C01,C02","P0/P1","Tham khảo semantics; thay API Angular/template/token bằng contract React tại spec, không giữ từng symbol 1:1."
"SdButtonColor","TypeAliasDeclaration","components/button","components/button/src/button.component.ts","34","snapshot-modified-after-v2.15","tag-v2.13-source-identical","snapshot-modified-after-v2.15","C01,C02","P0/P1","Tham khảo semantics; thay API Angular/template/token bằng contract React tại spec, không giữ từng symbol 1:1."
"SdButtonHtmlType","TypeAliasDeclaration","components/button","components/button/src/button.component.ts","33","snapshot-modified-after-v2.15","tag-v2.13-source-identical","snapshot-modified-after-v2.15","C01,C02","P0/P1","Tham khảo semantics; thay API Angular/template/token bằng contract React tại spec, không giữ từng symbol 1:1."
"SdButtonSize","TypeAliasDeclaration","components/button","components/button/src/button.component.ts","32","snapshot-modified-after-v2.15","tag-v2.13-source-identical","snapshot-modified-after-v2.15","C01,C02","P0/P1","Tham khảo semantics; thay API Angular/template/token bằng contract React tại spec, không giữ từng symbol 1:1."
"SdButtonType","TypeAliasDeclaration","components/button","components/button/src/button.component.ts","31","snapshot-modified-after-v2.15","tag-v2.13-source-identical","snapshot-modified-after-v2.15","C01,C02","P0/P1","Tham khảo semantics; thay API Angular/template/token bằng contract React tại spec, không giữ từng symbol 1:1."
"SdCardCompareWith","TypeAliasDeclaration","components/card","components/card/src/card-group.component.ts","6","tag-v2.15-source-identical","tag-v2.13-source-identical","tag-v2.15-source-identical","C05","P0","Tham khảo semantics; thay API Angular/template/token bằng contract React tại spec, không giữ từng symbol 1:1."
"SdCardGroup","ClassDeclaration","components/card","components/card/src/card-group.component.ts","9","tag-v2.15-source-identical","tag-v2.13-source-identical","tag-v2.15-source-identical","C05","P0","Tham khảo semantics; thay API Angular/template/token bằng contract React tại spec, không giữ từng symbol 1:1."
"SdCard","ClassDeclaration","components/card","components/card/src/card.component.ts","21","tag-v2.15-source-identical","tag-v2.13-source-identical","tag-v2.15-source-identical","C05","P0","Tham khảo semantics; thay API Angular/template/token bằng contract React tại spec, không giữ từng symbol 1:1."
"SdCKEditorStyles","ClassDeclaration","components/ckeditor-styles","components/ckeditor-styles/src/ckeditor-styles.component.ts","23","tag-v2.15-source-identical","tag-v2.13-source-identical","tag-v2.15-source-identical","X01","P3-adapter-replace","Tham khảo semantics; thay API Angular/template/token bằng contract React tại spec, không giữ từng symbol 1:1."
"CodeLanguage","TypeAliasDeclaration","components/code-editor","components/code-editor/src/code-editor.component.ts","28","tag-v2.15-source-identical","tag-v2.13-source-identical","tag-v2.15-source-identical","X02","P3","Tham khảo semantics; thay API Angular/template/token bằng contract React tại spec, không giữ từng symbol 1:1."
"SdCodeEditor","ClassDeclaration","components/code-editor","components/code-editor/src/code-editor.component.ts","30","tag-v2.15-source-identical","tag-v2.13-source-identical","tag-v2.15-source-identical","X02","P3","Tham khảo semantics; thay API Angular/template/token bằng contract React tại spec, không giữ từng symbol 1:1."
"SdDataState","ClassDeclaration","components/data-state","components/data-state/src/data-state.component.ts","47","snapshot-modified-after-v2.15","tag-v2.13-source-identical","snapshot-modified-after-v2.15","C10","P0","Tham khảo semantics; thay API Angular/template/token bằng contract React tại spec, không giữ từng symbol 1:1."
"SdDataStateKind","TypeAliasDeclaration","components/data-state","components/data-state/src/data-state.component.ts","18","snapshot-modified-after-v2.15","tag-v2.13-source-identical","snapshot-modified-after-v2.15","C10","P0","Tham khảo semantics; thay API Angular/template/token bằng contract React tại spec, không giữ từng symbol 1:1."
"SdDataStateTemplateContext","InterfaceDeclaration","components/data-state","components/data-state/src/data-state.component.ts","20","snapshot-modified-after-v2.15","tag-v2.13-source-identical","snapshot-modified-after-v2.15","C10","P0","Tham khảo semantics; thay API Angular/template/token bằng contract React tại spec, không giữ từng symbol 1:1."
"SdDataStateTemplateDirective","ClassDeclaration","components/data-state","components/data-state/src/data-state.component.ts","27","snapshot-modified-after-v2.15","tag-v2.13-source-identical","snapshot-modified-after-v2.15","C10","P0","Tham khảo semantics; thay API Angular/template/token bằng contract React tại spec, không giữ từng symbol 1:1."
"ISdEditorConfiguration","InterfaceDeclaration","components/editor","components/editor/src/configurations/editor.configuration.ts","11","tag-v2.15-source-identical","tag-v2.13-source-identical","tag-v2.15-source-identical","X01","P3","Tham khảo semantics; thay API Angular/template/token bằng contract React tại spec, không giữ từng symbol 1:1."
"SD_EDITOR_CONFIGURATION","FirstStatement","components/editor","components/editor/src/configurations/editor.configuration.ts","16","tag-v2.15-source-identical","tag-v2.13-source-identical","tag-v2.15-source-identical","X01","P3","Tham khảo semantics; thay API Angular/template/token bằng contract React tại spec, không giữ từng symbol 1:1."
"SdEditorUploadFileDetail","InterfaceDeclaration","components/editor","components/editor/src/configurations/editor.configuration.ts","3","tag-v2.15-source-identical","tag-v2.13-source-identical","tag-v2.15-source-identical","X01","P3","Tham khảo semantics; thay API Angular/template/token bằng contract React tại spec, không giữ từng symbol 1:1."
"SdEditorUploadFileFuncUpload","TypeAliasDeclaration","components/editor","components/editor/src/configurations/editor.configuration.ts","9","tag-v2.15-source-identical","tag-v2.13-source-identical","tag-v2.15-source-identical","X01","P3","Tham khảo semantics; thay API Angular/template/token bằng contract React tại spec, không giữ từng symbol 1:1."
"SdEditor","ClassDeclaration","components/editor","components/editor/src/editor.component.ts","59","snapshot-modified-after-v2.15","tag-v2.13-source-identical","snapshot-modified-after-v2.15","X01","P3","Tham khảo semantics; thay API Angular/template/token bằng contract React tại spec, không giữ từng symbol 1:1."
"EditorOption","TypeAliasDeclaration","components/editor","components/editor/src/models/editor.model.ts","11","tag-v2.15-source-identical","tag-v2.13-source-identical","tag-v2.15-source-identical","X01","P3","Tham khảo semantics; thay API Angular/template/token bằng contract React tại spec, không giữ từng symbol 1:1."
"SdEditorOption","InterfaceDeclaration","components/editor","components/editor/src/models/editor.model.ts","5","tag-v2.15-source-identical","tag-v2.13-source-identical","tag-v2.15-source-identical","X01","P3","Tham khảo semantics; thay API Angular/template/token bằng contract React tại spec, không giữ từng symbol 1:1."
"SdEditorImageConfig","InterfaceDeclaration","components/editor","components/editor/src/models/image-upload.plugin.model.ts","12","tag-v2.15-source-identical","tag-v2.13-source-identical","tag-v2.15-source-identical","X01","P3","Tham khảo semantics; thay API Angular/template/token bằng contract React tại spec, không giữ từng symbol 1:1."
"SdEditorImageUploadValidation","InterfaceDeclaration","components/editor","components/editor/src/models/image-upload.plugin.model.ts","3","tag-v2.15-source-identical","tag-v2.13-source-identical","tag-v2.15-source-identical","X01","P3","Tham khảo semantics; thay API Angular/template/token bằng contract React tại spec, không giữ từng symbol 1:1."
"SdFileExplorer","ClassDeclaration","components/file-explorer","components/file-explorer/src/file-explorer.component.ts","120","snapshot-modified-after-v2.15","not-present-in-4db0ac9","snapshot-modified-after-v2.15","D05,U01,U03","P2-existing-base-adapted","Tham khảo semantics; thay API Angular/template/token bằng contract React tại spec, không giữ từng symbol 1:1."
"SdFileExplorerCreateFolderArgs","InterfaceDeclaration","components/file-explorer","components/file-explorer/src/file-explorer.model.ts","135","tag-v2.15-source-identical","not-present-in-4db0ac9","tag-v2.15-source-identical","D05,U01,U03","P2-existing-base-adapted","Tham khảo semantics; thay API Angular/template/token bằng contract React tại spec, không giữ từng symbol 1:1."
"SdFileExplorerDownloadArgs","InterfaceDeclaration","components/file-explorer","components/file-explorer/src/file-explorer.model.ts","121","tag-v2.15-source-identical","not-present-in-4db0ac9","tag-v2.15-source-identical","D05,U01,U03","P2-existing-base-adapted","Tham khảo semantics; thay API Angular/template/token bằng contract React tại spec, không giữ từng symbol 1:1."
"SdFileExplorerItem","InterfaceDeclaration","components/file-explorer","components/file-explorer/src/file-explorer.model.ts","25","tag-v2.15-source-identical","not-present-in-4db0ac9","tag-v2.15-source-identical","D05,U01,U03","P2-existing-base-adapted","Tham khảo semantics; thay API Angular/template/token bằng contract React tại spec, không giữ từng symbol 1:1."
"SdFileExplorerItemKind","TypeAliasDeclaration","components/file-explorer","components/file-explorer/src/file-explorer.model.ts","4","tag-v2.15-source-identical","not-present-in-4db0ac9","tag-v2.15-source-identical","D05,U01,U03","P2-existing-base-adapted","Tham khảo semantics; thay API Angular/template/token bằng contract React tại spec, không giữ từng symbol 1:1."
"SdFileExplorerListArgs","InterfaceDeclaration","components/file-explorer","components/file-explorer/src/file-explorer.model.ts","54","tag-v2.15-source-identical","not-present-in-4db0ac9","tag-v2.15-source-identical","D05,U01,U03","P2-existing-base-adapted","Tham khảo semantics; thay API Angular/template/token bằng contract React tại spec, không giữ từng symbol 1:1."
"SdFileExplorerOpenEvent","InterfaceDeclaration","components/file-explorer","components/file-explorer/src/file-explorer.model.ts","245","tag-v2.15-source-identical","not-present-in-4db0ac9","tag-v2.15-source-identical","D05,U01,U03","P2-existing-base-adapted","Tham khảo semantics; thay API Angular/template/token bằng contract React tại spec, không giữ từng symbol 1:1."
"SdFileExplorerOption","InterfaceDeclaration","components/file-explorer","components/file-explorer/src/file-explorer.model.ts","170","tag-v2.15-source-identical","not-present-in-4db0ac9","tag-v2.15-source-identical","D05,U01,U03","P2-existing-base-adapted","Tham khảo semantics; thay API Angular/template/token bằng contract React tại spec, không giữ từng symbol 1:1."
"SdFileExplorerPreviewArgs","InterfaceDeclaration","components/file-explorer","components/file-explorer/src/file-explorer.model.ts","76","tag-v2.15-source-identical","not-present-in-4db0ac9","tag-v2.15-source-identical","D05,U01,U03","P2-existing-base-adapted","Tham khảo semantics; thay API Angular/template/token bằng contract React tại spec, không giữ từng symbol 1:1."
"SdFileExplorerPreviewSource","TypeAliasDeclaration","components/file-explorer","components/file-explorer/src/file-explorer.model.ts","90","tag-v2.15-source-identical","not-present-in-4db0ac9","tag-v2.15-source-identical","D05,U01,U03","P2-existing-base-adapted","Tham khảo semantics; thay API Angular/template/token bằng contract React tại spec, không giữ từng symbol 1:1."
"SdFileExplorerProgressReporter","TypeAliasDeclaration","components/file-explorer","components/file-explorer/src/file-explorer.model.ts","99","tag-v2.15-source-identical","not-present-in-4db0ac9","tag-v2.15-source-identical","D05,U01,U03","P2-existing-base-adapted","Tham khảo semantics; thay API Angular/template/token bằng contract React tại spec, không giữ từng symbol 1:1."
"SdFileExplorerSearchArgs","InterfaceDeclaration","components/file-explorer","components/file-explorer/src/file-explorer.model.ts","66","tag-v2.15-source-identical","not-present-in-4db0ac9","tag-v2.15-source-identical","D05,U01,U03","P2-existing-base-adapted","Tham khảo semantics; thay API Angular/template/token bằng contract React tại spec, không giữ từng symbol 1:1."
"SdFileExplorerShareArgs","InterfaceDeclaration","components/file-explorer","components/file-explorer/src/file-explorer.model.ts","127","tag-v2.15-source-identical","not-present-in-4db0ac9","tag-v2.15-source-identical","D05,U01,U03","P2-existing-base-adapted","Tham khảo semantics; thay API Angular/template/token bằng contract React tại spec, không giữ từng symbol 1:1."
"SdFileExplorerTransfer","InterfaceDeclaration","components/file-explorer","components/file-explorer/src/file-explorer.model.ts","268","tag-v2.15-source-identical","not-present-in-4db0ac9","tag-v2.15-source-identical","D05,U01,U03","P2-existing-base-adapted","Tham khảo semantics; thay API Angular/template/token bằng contract React tại spec, không giữ từng symbol 1:1."
"SdFileExplorerTransferArgs","InterfaceDeclaration","components/file-explorer","components/file-explorer/src/file-explorer.model.ts","102","tag-v2.15-source-identical","not-present-in-4db0ac9","tag-v2.15-source-identical","D05,U01,U03","P2-existing-base-adapted","Tham khảo semantics; thay API Angular/template/token bằng contract React tại spec, không giữ từng symbol 1:1."
"SdFileExplorerTransferDirection","TypeAliasDeclaration","components/file-explorer","components/file-explorer/src/file-explorer.model.ts","253","tag-v2.15-source-identical","not-present-in-4db0ac9","tag-v2.15-source-identical","D05,U01,U03","P2-existing-base-adapted","Tham khảo semantics; thay API Angular/template/token bằng contract React tại spec, không giữ từng symbol 1:1."
"SdFileExplorerTransferStatus","TypeAliasDeclaration","components/file-explorer","components/file-explorer/src/file-explorer.model.ts","265","tag-v2.15-source-identical","not-present-in-4db0ac9","tag-v2.15-source-identical","D05,U01,U03","P2-existing-base-adapted","Tham khảo semantics; thay API Angular/template/token bằng contract React tại spec, không giữ từng symbol 1:1."
"SdFileExplorerUploadArgs","InterfaceDeclaration","components/file-explorer","components/file-explorer/src/file-explorer.model.ts","113","tag-v2.15-source-identical","not-present-in-4db0ac9","tag-v2.15-source-identical","D05,U01,U03","P2-existing-base-adapted","Tham khảo semantics; thay API Angular/template/token bằng contract React tại spec, không giữ từng symbol 1:1."
"SdFileExplorerView","TypeAliasDeclaration","components/file-explorer","components/file-explorer/src/file-explorer.model.ts","143","tag-v2.15-source-identical","not-present-in-4db0ac9","tag-v2.15-source-identical","D05,U01,U03","P2-existing-base-adapted","Tham khảo semantics; thay API Angular/template/token bằng contract React tại spec, không giữ từng symbol 1:1."
"SdFormBuilder","ClassDeclaration","components/form-generic","components/form-generic/src/components/form-builder/form-builder.component.ts","84","snapshot-modified-after-v2.15","tag-v2.13-source-identical","snapshot-modified-after-v2.15","DEFERRED-APP","schema-designer","Form designer/build controls/pipes/config riêng để app sở hữu; X05 chỉ renderer nhỏ, không tuyên bố full parity."
"SdFormRender","ClassDeclaration","components/form-generic","components/form-generic/src/components/form-render/form-render.component.ts","105","snapshot-modified-after-v2.15","tag-v2.13-source-identical","snapshot-modified-after-v2.15","X05","P3-renderer-only","Tham khảo semantics; thay API Angular/template/token bằng contract React tại spec, không giữ từng symbol 1:1."
"SD_FORM_GENERIC_BREAKPOINTS","FirstStatement","components/form-generic","components/form-generic/src/configurations/form-generic-breakpoints.ts","14","snapshot-only-vs-v2.15","not-present-in-4db0ac9","snapshot-only-vs-v2.15","X05","P3-renderer-only","Tham khảo semantics; thay API Angular/template/token bằng contract React tại spec, không giữ từng symbol 1:1."
"SdFormGenericBreakpoint","TypeAliasDeclaration","components/form-generic","components/form-generic/src/configurations/form-generic-breakpoints.ts","2","snapshot-only-vs-v2.15","not-present-in-4db0ac9","snapshot-only-vs-v2.15","X05","P3-renderer-only","Tham khảo semantics; thay API Angular/template/token bằng contract React tại spec, không giữ từng symbol 1:1."
"SdFormGenericBreakpoints","InterfaceDeclaration","components/form-generic","components/form-generic/src/configurations/form-generic-breakpoints.ts","5","snapshot-only-vs-v2.15","not-present-in-4db0ac9","snapshot-only-vs-v2.15","X05","P3-renderer-only","Tham khảo semantics; thay API Angular/template/token bằng contract React tại spec, không giữ từng symbol 1:1."
"provideSdFormGeneric","FunctionDeclaration","components/form-generic","components/form-generic/src/configurations/form-generic.provider.ts","22","snapshot-only-vs-v2.15","not-present-in-4db0ac9","snapshot-only-vs-v2.15","X05","P3-renderer-only","Tham khảo semantics; thay API Angular/template/token bằng contract React tại spec, không giữ từng symbol 1:1."
"SdFormGenericCatalog","InterfaceDeclaration","components/form-generic","components/form-generic/src/models/form-generic-config.model.ts","16","snapshot-only-vs-v2.15","not-present-in-4db0ac9","snapshot-only-vs-v2.15","X05","P3-renderer-only","Tham khảo semantics; thay API Angular/template/token bằng contract React tại spec, không giữ từng symbol 1:1."
"SdFormGenericCatalogContext","InterfaceDeclaration","components/form-generic","components/form-generic/src/models/form-generic-config.model.ts","9","snapshot-only-vs-v2.15","not-present-in-4db0ac9","snapshot-only-vs-v2.15","X05","P3-renderer-only","Tham khảo semantics; thay API Angular/template/token bằng contract React tại spec, không giữ từng symbol 1:1."
"SdFormGenericCatalogItem","InterfaceDeclaration","components/form-generic","components/form-generic/src/models/form-generic-config.model.ts","4","snapshot-only-vs-v2.15","not-present-in-4db0ac9","snapshot-only-vs-v2.15","X05","P3-renderer-only","Tham khảo semantics; thay API Angular/template/token bằng contract React tại spec, không giữ từng symbol 1:1."
"SdFormGenericConfig","InterfaceDeclaration","components/form-generic","components/form-generic/src/models/form-generic-config.model.ts","69","snapshot-only-vs-v2.15","not-present-in-4db0ac9","snapshot-only-vs-v2.15","X05","P3-renderer-only","Tham khảo semantics; thay API Angular/template/token bằng contract React tại spec, không giữ từng symbol 1:1."
"SdFormGenericHtmlDefinition","TypeAliasDeclaration","components/form-generic","components/form-generic/src/models/form-generic-config.model.ts","56","snapshot-only-vs-v2.15","not-present-in-4db0ac9","snapshot-only-vs-v2.15","X05","P3-renderer-only","Tham khảo semantics; thay API Angular/template/token bằng contract React tại spec, không giữ từng symbol 1:1."
"SdFormGenericHtmlQueryDefinition","InterfaceDeclaration","components/form-generic","components/form-generic/src/models/form-generic-config.model.ts","49","snapshot-only-vs-v2.15","not-present-in-4db0ac9","snapshot-only-vs-v2.15","X05","P3-renderer-only","Tham khảo semantics; thay API Angular/template/token bằng contract React tại spec, không giữ từng symbol 1:1."
"SdFormGenericHtmlStaticDefinition","InterfaceDeclaration","components/form-generic","components/form-generic/src/models/form-generic-config.model.ts","44","snapshot-only-vs-v2.15","not-present-in-4db0ac9","snapshot-only-vs-v2.15","X05","P3-renderer-only","Tham khảo semantics; thay API Angular/template/token bằng contract React tại spec, không giữ từng symbol 1:1."
"SdFormGenericTemplate","InterfaceDeclaration","components/form-generic","components/form-generic/src/models/form-generic-config.model.ts","31","snapshot-only-vs-v2.15","not-present-in-4db0ac9","snapshot-only-vs-v2.15","X05","P3-renderer-only","Tham khảo semantics; thay API Angular/template/token bằng contract React tại spec, không giữ từng symbol 1:1."
"SdFormGenericValidator","InterfaceDeclaration","components/form-generic","components/form-generic/src/models/form-generic-config.model.ts","59","snapshot-only-vs-v2.15","not-present-in-4db0ac9","snapshot-only-vs-v2.15","X05","P3-renderer-only","Tham khảo semantics; thay API Angular/template/token bằng contract React tại spec, không giữ từng symbol 1:1."
"SdFormGenericCheckbox","TypeAliasDeclaration","components/form-generic","components/form-generic/src/models/form-generic-field.model.ts","127","snapshot-only-vs-v2.15","not-present-in-4db0ac9","snapshot-only-vs-v2.15","X05","P3-renderer-only","Tham khảo semantics; thay API Angular/template/token bằng contract React tại spec, không giữ từng symbol 1:1."
"SdFormGenericChipCalendar","TypeAliasDeclaration","components/form-generic","components/form-generic/src/models/form-generic-field.model.ts","135","snapshot-only-vs-v2.15","not-present-in-4db0ac9","snapshot-only-vs-v2.15","X05","P3-renderer-only","Tham khảo semantics; thay API Angular/template/token bằng contract React tại spec, không giữ từng symbol 1:1."
"SdFormGenericChipString","TypeAliasDeclaration","components/form-generic","components/form-generic/src/models/form-generic-field.model.ts","133","snapshot-only-vs-v2.15","not-present-in-4db0ac9","snapshot-only-vs-v2.15","X05","P3-renderer-only","Tham khảo semantics; thay API Angular/template/token bằng contract React tại spec, không giữ từng symbol 1:1."
"SdFormGenericDatetime","InterfaceDeclaration","components/form-generic","components/form-generic/src/models/form-generic-field.model.ts","129","snapshot-only-vs-v2.15","not-present-in-4db0ac9","snapshot-only-vs-v2.15","X05","P3-renderer-only","Tham khảo semantics; thay API Angular/template/token bằng contract React tại spec, không giữ từng symbol 1:1."
"SdFormGenericField","TypeAliasDeclaration","components/form-generic","components/form-generic/src/models/form-generic-field.model.ts","155","snapshot-only-vs-v2.15","not-present-in-4db0ac9","snapshot-only-vs-v2.15","X05","P3-renderer-only","Tham khảo semantics; thay API Angular/template/token bằng contract React tại spec, không giữ từng symbol 1:1."
"SdFormGenericFieldType","TypeAliasDeclaration","components/form-generic","components/form-generic/src/models/form-generic-field.model.ts","168","snapshot-only-vs-v2.15","not-present-in-4db0ac9","snapshot-only-vs-v2.15","X05","P3-renderer-only","Tham khảo semantics; thay API Angular/template/token bằng contract React tại spec, không giữ từng symbol 1:1."
"SdFormGenericFieldValidation","InterfaceDeclaration","components/form-generic","components/form-generic/src/models/form-generic-field.model.ts","33","snapshot-only-vs-v2.15","not-present-in-4db0ac9","snapshot-only-vs-v2.15","X05","P3-renderer-only","Tham khảo semantics; thay API Angular/template/token bằng contract React tại spec, không giữ từng symbol 1:1."
"SdFormGenericFill","InterfaceDeclaration","components/form-generic","components/form-generic/src/models/form-generic-field.model.ts","62","snapshot-only-vs-v2.15","not-present-in-4db0ac9","snapshot-only-vs-v2.15","X05","P3-renderer-only","Tham khảo semantics; thay API Angular/template/token bằng contract React tại spec, không giữ từng symbol 1:1."
"SdFormGenericHtml","InterfaceDeclaration","components/form-generic","components/form-generic/src/models/form-generic-field.model.ts","147","snapshot-only-vs-v2.15","not-present-in-4db0ac9","snapshot-only-vs-v2.15","X05","P3-renderer-only","Tham khảo semantics; thay API Angular/template/token bằng contract React tại spec, không giữ từng symbol 1:1."
"SdFormGenericLayout","InterfaceDeclaration","components/form-generic","components/form-generic/src/models/form-generic-field.model.ts","9","snapshot-only-vs-v2.15","not-present-in-4db0ac9","snapshot-only-vs-v2.15","X05","P3-renderer-only","Tham khảo semantics; thay API Angular/template/token bằng contract React tại spec, không giữ từng symbol 1:1."
"SdFormGenericNumber","InterfaceDeclaration","components/form-generic","components/form-generic/src/models/form-generic-field.model.ts","109","snapshot-only-vs-v2.15","not-present-in-4db0ac9","snapshot-only-vs-v2.15","X05","P3-renderer-only","Tham khảo semantics; thay API Angular/template/token bằng contract React tại spec, không giữ từng symbol 1:1."
"SdFormGenericNumberSubtype","TypeAliasDeclaration","components/form-generic","components/form-generic/src/models/form-generic-field.model.ts","82","snapshot-only-vs-v2.15","not-present-in-4db0ac9","snapshot-only-vs-v2.15","X05","P3-renderer-only","Tham khảo semantics; thay API Angular/template/token bằng contract React tại spec, không giữ từng symbol 1:1."
"SdFormGenericOption","InterfaceDeclaration","components/form-generic","components/form-generic/src/models/form-generic-field.model.ts","46","snapshot-only-vs-v2.15","not-present-in-4db0ac9","snapshot-only-vs-v2.15","X05","P3-renderer-only","Tham khảo semantics; thay API Angular/template/token bằng contract React tại spec, không giữ từng symbol 1:1."
"SdFormGenericOptions","TypeAliasDeclaration","components/form-generic","components/form-generic/src/models/form-generic-field.model.ts","68","snapshot-only-vs-v2.15","not-present-in-4db0ac9","snapshot-only-vs-v2.15","X05","P3-renderer-only","Tham khảo semantics; thay API Angular/template/token bằng contract React tại spec, không giữ từng symbol 1:1."
"SdFormGenericParam","InterfaceDeclaration","components/form-generic","components/form-generic/src/models/form-generic-field.model.ts","56","snapshot-only-vs-v2.15","not-present-in-4db0ac9","snapshot-only-vs-v2.15","X05","P3-renderer-only","Tham khảo semantics; thay API Angular/template/token bằng contract React tại spec, không giữ từng symbol 1:1."
"SdFormGenericPhoneCountry","TypeAliasDeclaration","components/form-generic","components/form-generic/src/models/form-generic-field.model.ts","30","snapshot-only-vs-v2.15","not-present-in-4db0ac9","snapshot-only-vs-v2.15","X05","P3-renderer-only","Tham khảo semantics; thay API Angular/template/token bằng contract React tại spec, không giữ từng symbol 1:1."
"SdFormGenericRadio","InterfaceDeclaration","components/form-generic","components/form-generic/src/models/form-generic-field.model.ts","122","snapshot-only-vs-v2.15","not-present-in-4db0ac9","snapshot-only-vs-v2.15","X05","P3-renderer-only","Tham khảo semantics; thay API Angular/template/token bằng contract React tại spec, không giữ từng symbol 1:1."
"SdFormGenericRules","InterfaceDeclaration","components/form-generic","components/form-generic/src/models/form-generic-field.model.ts","22","snapshot-only-vs-v2.15","not-present-in-4db0ac9","snapshot-only-vs-v2.15","X05","P3-renderer-only","Tham khảo semantics; thay API Angular/template/token bằng contract React tại spec, không giữ từng symbol 1:1."
"SdFormGenericSelect","InterfaceDeclaration","components/form-generic","components/form-generic/src/models/form-generic-field.model.ts","117","snapshot-only-vs-v2.15","not-present-in-4db0ac9","snapshot-only-vs-v2.15","X05","P3-renderer-only","Tham khảo semantics; thay API Angular/template/token bằng contract React tại spec, không giữ từng symbol 1:1."
"SdFormGenericTextarea","TypeAliasDeclaration","components/form-generic","components/form-generic/src/models/form-generic-field.model.ts","107","snapshot-only-vs-v2.15","not-present-in-4db0ac9","snapshot-only-vs-v2.15","X05","P3-renderer-only","Tham khảo semantics; thay API Angular/template/token bằng contract React tại spec, không giữ từng symbol 1:1."
"SdFormGenericTextfield","InterfaceDeclaration","components/form-generic","components/form-generic/src/models/form-generic-field.model.ts","103","snapshot-only-vs-v2.15","not-present-in-4db0ac9","snapshot-only-vs-v2.15","X05","P3-renderer-only","Tham khảo semantics; thay API Angular/template/token bằng contract React tại spec, không giữ từng symbol 1:1."
"SdFormGenericTextfieldSubtype","TypeAliasDeclaration","components/form-generic","components/form-generic/src/models/form-generic-field.model.ts","76","snapshot-only-vs-v2.15","not-present-in-4db0ac9","snapshot-only-vs-v2.15","X05","P3-renderer-only","Tham khảo semantics; thay API Angular/template/token bằng contract React tại spec, không giữ từng symbol 1:1."
"SdFormGenericUpload","InterfaceDeclaration","components/form-generic","components/form-generic/src/models/form-generic-field.model.ts","137","snapshot-only-vs-v2.15","not-present-in-4db0ac9","snapshot-only-vs-v2.15","X05","P3-renderer-only","Tham khảo semantics; thay API Angular/template/token bằng contract React tại spec, không giữ từng symbol 1:1."
"SdFormGenericValueRef","TypeAliasDeclaration","components/form-generic","components/form-generic/src/models/form-generic-field.model.ts","53","snapshot-only-vs-v2.15","not-present-in-4db0ac9","snapshot-only-vs-v2.15","X05","P3-renderer-only","Tham khảo semantics; thay API Angular/template/token bằng contract React tại spec, không giữ từng symbol 1:1."
"SdFormGenericAlert","TypeAliasDeclaration","components/form-generic","components/form-generic/src/models/form-generic-schema.model.ts","62","snapshot-only-vs-v2.15","not-present-in-4db0ac9","snapshot-only-vs-v2.15","X05","P3-renderer-only","Tham khảo semantics; thay API Angular/template/token bằng contract React tại spec, không giữ từng symbol 1:1."
"SdFormGenericElement","TypeAliasDeclaration","components/form-generic","components/form-generic/src/models/form-generic-schema.model.ts","55","snapshot-only-vs-v2.15","not-present-in-4db0ac9","snapshot-only-vs-v2.15","X05","P3-renderer-only","Tham khảo semantics; thay API Angular/template/token bằng contract React tại spec, không giữ từng symbol 1:1."
"SdFormGenericFilterValidation","InterfaceDeclaration","components/form-generic","components/form-generic/src/models/form-generic-schema.model.ts","64","snapshot-only-vs-v2.15","not-present-in-4db0ac9","snapshot-only-vs-v2.15","X05","P3-renderer-only","Tham khảo semantics; thay API Angular/template/token bằng contract React tại spec, không giữ từng symbol 1:1."
"SdFormGenericFunctionValidation","InterfaceDeclaration","components/form-generic","components/form-generic/src/models/form-generic-schema.model.ts","72","snapshot-only-vs-v2.15","not-present-in-4db0ac9","snapshot-only-vs-v2.15","X05","P3-renderer-only","Tham khảo semantics; thay API Angular/template/token bằng contract React tại spec, không giữ từng symbol 1:1."
"SdFormGenericGroup","InterfaceDeclaration","components/form-generic","components/form-generic/src/models/form-generic-schema.model.ts","39","snapshot-only-vs-v2.15","not-present-in-4db0ac9","snapshot-only-vs-v2.15","X05","P3-renderer-only","Tham khảo semantics; thay API Angular/template/token bằng contract React tại spec, không giữ từng symbol 1:1."
"SdFormGenericNavigation","TypeAliasDeclaration","components/form-generic","components/form-generic/src/models/form-generic-schema.model.ts","20","snapshot-only-vs-v2.15","not-present-in-4db0ac9","snapshot-only-vs-v2.15","X05","P3-renderer-only","Tham khảo semantics; thay API Angular/template/token bằng contract React tại spec, không giữ từng symbol 1:1."
"SdFormGenericPage","InterfaceDeclaration","components/form-generic","components/form-generic/src/models/form-generic-schema.model.ts","28","snapshot-only-vs-v2.15","not-present-in-4db0ac9","snapshot-only-vs-v2.15","X05","P3-renderer-only","Tham khảo semantics; thay API Angular/template/token bằng contract React tại spec, không giữ từng symbol 1:1."
"SdFormGenericPageElement","TypeAliasDeclaration","components/form-generic","components/form-generic/src/models/form-generic-schema.model.ts","36","snapshot-only-vs-v2.15","not-present-in-4db0ac9","snapshot-only-vs-v2.15","X05","P3-renderer-only","Tham khảo semantics; thay API Angular/template/token bằng contract React tại spec, không giữ từng symbol 1:1."
"SdFormGenericSchema","InterfaceDeclaration","components/form-generic","components/form-generic/src/models/form-generic-schema.model.ts","10","snapshot-only-vs-v2.15","not-present-in-4db0ac9","snapshot-only-vs-v2.15","X05","P3-renderer-only","Tham khảo semantics; thay API Angular/template/token bằng contract React tại spec, không giữ từng symbol 1:1."
"SdFormGenericValidation","TypeAliasDeclaration","components/form-generic","components/form-generic/src/models/form-generic-schema.model.ts","79","snapshot-only-vs-v2.15","not-present-in-4db0ac9","snapshot-only-vs-v2.15","X05","P3-renderer-only","Tham khảo semantics; thay API Angular/template/token bằng contract React tại spec, không giữ từng symbol 1:1."
"SdFormGenericVariable","InterfaceDeclaration","components/form-generic","components/form-generic/src/models/form-generic-schema.model.ts","57","snapshot-only-vs-v2.15","not-present-in-4db0ac9","snapshot-only-vs-v2.15","X05","P3-renderer-only","Tham khảo semantics; thay API Angular/template/token bằng contract React tại spec, không giữ từng symbol 1:1."
"SdFormGenericVisibilityRules","InterfaceDeclaration","components/form-generic","components/form-generic/src/models/form-generic-schema.model.ts","23","snapshot-only-vs-v2.15","not-present-in-4db0ac9","snapshot-only-vs-v2.15","X05","P3-renderer-only","Tham khảo semantics; thay API Angular/template/token bằng contract React tại spec, không giữ từng symbol 1:1."
"SdFormGenericValidationMessages","InterfaceDeclaration","components/form-generic","components/form-generic/src/rules/form-generic-validation.ts","5","snapshot-only-vs-v2.15","not-present-in-4db0ac9","snapshot-only-vs-v2.15","X05","P3-renderer-only","Tham khảo semantics; thay API Angular/template/token bằng contract React tại spec, không giữ từng symbol 1:1."
"SdFormGenericValidationResult","InterfaceDeclaration","components/form-generic","components/form-generic/src/rules/form-generic-validation.ts","11","snapshot-only-vs-v2.15","not-present-in-4db0ac9","snapshot-only-vs-v2.15","X05","P3-renderer-only","Tham khảo semantics; thay API Angular/template/token bằng contract React tại spec, không giữ từng symbol 1:1."
"SdFormRenderService","ClassDeclaration","components/form-generic","components/form-generic/src/services/form-render.service.ts","10","snapshot-modified-after-v2.15","tag-v2.13-source-identical","snapshot-modified-after-v2.15","X05","P3-renderer-only","Tham khảo semantics; thay API Angular/template/token bằng contract React tại spec, không giữ từng symbol 1:1."
"SdHighlight","ClassDeclaration","components/highlight","components/highlight/src/highlight.component.ts","18","snapshot-only-vs-v2.15","not-present-in-4db0ac9","snapshot-only-vs-v2.15","C18","P1-safe-text","Tham khảo semantics; thay API Angular/template/token bằng contract React tại spec, không giữ từng symbol 1:1."
"SdHighlightSegment","InterfaceDeclaration","components/highlight","components/highlight/src/highlight.component.ts","5","snapshot-only-vs-v2.15","not-present-in-4db0ac9","snapshot-only-vs-v2.15","C18","P1-safe-text","Tham khảo semantics; thay API Angular/template/token bằng contract React tại spec, không giữ từng symbol 1:1."
"SdHistoryItem","ClassDeclaration","components/history","components/history/src/history.component.ts","8","tag-v2.15-source-identical","tag-v2.13-source-identical","tag-v2.15-source-identical","X04","P3","Tham khảo semantics; thay API Angular/template/token bằng contract React tại spec, không giữ từng symbol 1:1."
"SdImageEditor","ClassDeclaration","components/image-editor","components/image-editor/src/image-editor.component.ts","206","snapshot-only-vs-v2.15","not-present-in-4db0ac9","snapshot-only-vs-v2.15","X06","P3-optional-adapter","Tham khảo semantics; thay API Angular/template/token bằng contract React tại spec, không giữ từng symbol 1:1."
"SdImageEditorAspectRatio","InterfaceDeclaration","components/image-editor","components/image-editor/src/image-editor.model.ts","74","snapshot-only-vs-v2.15","not-present-in-4db0ac9","snapshot-only-vs-v2.15","X06","P3-optional-adapter","Tham khảo semantics; thay API Angular/template/token bằng contract React tại spec, không giữ từng symbol 1:1."
"SdImageEditorEdits","InterfaceDeclaration","components/image-editor","components/image-editor/src/image-editor.model.ts","53","snapshot-only-vs-v2.15","not-present-in-4db0ac9","snapshot-only-vs-v2.15","X06","P3-optional-adapter","Tham khảo semantics; thay API Angular/template/token bằng contract React tại spec, không giữ từng symbol 1:1."
"SdImageEditorError","InterfaceDeclaration","components/image-editor","components/image-editor/src/image-editor.model.ts","251","snapshot-only-vs-v2.15","not-present-in-4db0ac9","snapshot-only-vs-v2.15","X06","P3-optional-adapter","Tham khảo semantics; thay API Angular/template/token bằng contract React tại spec, không giữ từng symbol 1:1."
"SdImageEditorErrorCode","TypeAliasDeclaration","components/image-editor","components/image-editor/src/image-editor.model.ts","230","snapshot-only-vs-v2.15","not-present-in-4db0ac9","snapshot-only-vs-v2.15","X06","P3-optional-adapter","Tham khảo semantics; thay API Angular/template/token bằng contract React tại spec, không giữ từng symbol 1:1."
"SdImageEditorFormat","TypeAliasDeclaration","components/image-editor","components/image-editor/src/image-editor.model.ts","63","snapshot-only-vs-v2.15","not-present-in-4db0ac9","snapshot-only-vs-v2.15","X06","P3-optional-adapter","Tham khảo semantics; thay API Angular/template/token bằng contract React tại spec, không giữ từng symbol 1:1."
"SdImageEditorLimits","InterfaceDeclaration","components/image-editor","components/image-editor/src/image-editor.model.ts","139","snapshot-only-vs-v2.15","not-present-in-4db0ac9","snapshot-only-vs-v2.15","X06","P3-optional-adapter","Tham khảo semantics; thay API Angular/template/token bằng contract React tại spec, không giữ từng symbol 1:1."
"SdImageEditorOption","InterfaceDeclaration","components/image-editor","components/image-editor/src/image-editor.model.ts","163","snapshot-only-vs-v2.15","not-present-in-4db0ac9","snapshot-only-vs-v2.15","X06","P3-optional-adapter","Tham khảo semantics; thay API Angular/template/token bằng contract React tại spec, không giữ từng symbol 1:1."
"SdImageEditorOrientation","InterfaceDeclaration","components/image-editor","components/image-editor/src/image-editor.model.ts","30","snapshot-only-vs-v2.15","not-present-in-4db0ac9","snapshot-only-vs-v2.15","X06","P3-optional-adapter","Tham khảo semantics; thay API Angular/template/token bằng contract React tại spec, không giữ từng symbol 1:1."
"SdImageEditorOutputOption","InterfaceDeclaration","components/image-editor","components/image-editor/src/image-editor.model.ts","95","snapshot-only-vs-v2.15","not-present-in-4db0ac9","snapshot-only-vs-v2.15","X06","P3-optional-adapter","Tham khảo semantics; thay API Angular/template/token bằng contract React tại spec, không giữ từng symbol 1:1."
"SdImageEditorRect","InterfaceDeclaration","components/image-editor","components/image-editor/src/image-editor.model.ts","16","snapshot-only-vs-v2.15","not-present-in-4db0ac9","snapshot-only-vs-v2.15","X06","P3-optional-adapter","Tham khảo semantics; thay API Angular/template/token bằng contract React tại spec, không giữ từng symbol 1:1."
"SdImageEditorResult","InterfaceDeclaration","components/image-editor","components/image-editor/src/image-editor.model.ts","195","snapshot-only-vs-v2.15","not-present-in-4db0ac9","snapshot-only-vs-v2.15","X06","P3-optional-adapter","Tham khảo semantics; thay API Angular/template/token bằng contract React tại spec, không giữ từng symbol 1:1."
"SdImageEditorRotation","TypeAliasDeclaration","components/image-editor","components/image-editor/src/image-editor.model.ts","4","snapshot-only-vs-v2.15","not-present-in-4db0ac9","snapshot-only-vs-v2.15","X06","P3-optional-adapter","Tham khảo semantics; thay API Angular/template/token bằng contract React tại spec, không giữ từng symbol 1:1."
"SdImageEditorSize","InterfaceDeclaration","components/image-editor","components/image-editor/src/image-editor.model.ts","7","snapshot-only-vs-v2.15","not-present-in-4db0ac9","snapshot-only-vs-v2.15","X06","P3-optional-adapter","Tham khảo semantics; thay API Angular/template/token bằng contract React tại spec, không giữ từng symbol 1:1."
"SdImageEditorSourceInfo","InterfaceDeclaration","components/image-editor","components/image-editor/src/image-editor.model.ts","273","snapshot-only-vs-v2.15","not-present-in-4db0ac9","snapshot-only-vs-v2.15","X06","P3-optional-adapter","Tham khảo semantics; thay API Angular/template/token bằng contract React tại spec, không giữ từng symbol 1:1."
"SdImageEditorStatus","TypeAliasDeclaration","components/image-editor","components/image-editor/src/image-editor.model.ts","270","snapshot-only-vs-v2.15","not-present-in-4db0ac9","snapshot-only-vs-v2.15","X06","P3-optional-adapter","Tham khảo semantics; thay API Angular/template/token bằng contract React tại spec, không giữ từng symbol 1:1."
"SdImportExcel","ClassDeclaration","components/import-excel","components/import-excel/src/import-excel.component.ts","25","tag-v2.15-source-identical","tag-v2.13-source-identical","tag-v2.15-source-identical","U02","P2","Tham khảo semantics; thay API Angular/template/token bằng contract React tại spec, không giữ từng symbol 1:1."
"SdImportExcelItem","InterfaceDeclaration","components/import-excel","components/import-excel/src/import-excel.model.ts","110","tag-v2.15-source-identical","tag-v2.13-source-identical","tag-v2.15-source-identical","U02","P2","Tham khảo semantics; thay API Angular/template/token bằng contract React tại spec, không giữ từng symbol 1:1."
"SdImportExcelOption","InterfaceDeclaration","components/import-excel","components/import-excel/src/import-excel.model.ts","15","tag-v2.15-source-identical","tag-v2.13-source-identical","tag-v2.15-source-identical","U02","P2","Tham khảo semantics; thay API Angular/template/token bằng contract React tại spec, không giữ từng symbol 1:1."
"SdImportExcelSheet","InterfaceDeclaration","components/import-excel","components/import-excel/src/import-excel.model.ts","6","tag-v2.15-source-identical","tag-v2.13-source-identical","tag-v2.15-source-identical","U02","P2","Tham khảo semantics; thay API Angular/template/token bằng contract React tại spec, không giữ từng symbol 1:1."
"SdImportExcelValidation","InterfaceDeclaration","components/import-excel","components/import-excel/src/import-excel.model.ts","1","tag-v2.15-source-identical","tag-v2.13-source-identical","tag-v2.15-source-identical","U02","P2","Tham khảo semantics; thay API Angular/template/token bằng contract React tại spec, không giữ từng symbol 1:1."
"SdUploadExcelBaseColumn","InterfaceDeclaration","components/import-excel","components/import-excel/src/import-excel.model.ts","37","tag-v2.15-source-identical","tag-v2.13-source-identical","tag-v2.15-source-identical","U02","P2","Tham khảo semantics; thay API Angular/template/token bằng contract React tại spec, không giữ từng symbol 1:1."
"SdUploadExcelColumn","TypeAliasDeclaration","components/import-excel","components/import-excel/src/import-excel.model.ts","27","tag-v2.15-source-identical","tag-v2.13-source-identical","tag-v2.15-source-identical","U02","P2","Tham khảo semantics; thay API Angular/template/token bằng contract React tại spec, không giữ từng symbol 1:1."
"SdUploadExcelColumnBool","InterfaceDeclaration","components/import-excel","components/import-excel/src/import-excel.model.ts","64","tag-v2.15-source-identical","tag-v2.13-source-identical","tag-v2.15-source-identical","U02","P2","Tham khảo semantics; thay API Angular/template/token bằng contract React tại spec, không giữ từng symbol 1:1."
"SdUploadExcelColumnDate","InterfaceDeclaration","components/import-excel","components/import-excel/src/import-excel.model.ts","70","tag-v2.15-source-identical","tag-v2.13-source-identical","tag-v2.15-source-identical","U02","P2","Tham khảo semantics; thay API Angular/template/token bằng contract React tại spec, không giữ từng symbol 1:1."
"SdUploadExcelColumnDateTime","InterfaceDeclaration","components/import-excel","components/import-excel/src/import-excel.model.ts","86","tag-v2.15-source-identical","tag-v2.13-source-identical","tag-v2.15-source-identical","U02","P2","Tham khảo semantics; thay API Angular/template/token bằng contract React tại spec, không giữ từng symbol 1:1."
"SdUploadExcelColumnNumber","InterfaceDeclaration","components/import-excel","components/import-excel/src/import-excel.model.ts","57","tag-v2.15-source-identical","tag-v2.13-source-identical","tag-v2.15-source-identical","U02","P2","Tham khảo semantics; thay API Angular/template/token bằng contract React tại spec, không giữ từng symbol 1:1."
"SdUploadExcelColumnString","InterfaceDeclaration","components/import-excel","components/import-excel/src/import-excel.model.ts","49","tag-v2.15-source-identical","tag-v2.13-source-identical","tag-v2.15-source-identical","U02","P2","Tham khảo semantics; thay API Angular/template/token bằng contract React tại spec, không giữ từng symbol 1:1."
"SdUploadExcelColumnStringArray","InterfaceDeclaration","components/import-excel","components/import-excel/src/import-excel.model.ts","101","tag-v2.15-source-identical","tag-v2.13-source-identical","tag-v2.15-source-identical","U02","P2","Tham khảo semantics; thay API Angular/template/token bằng contract React tại spec, không giữ từng symbol 1:1."
"SdUploadExcelColumnTime","InterfaceDeclaration","components/import-excel","components/import-excel/src/import-excel.model.ts","78","tag-v2.15-source-identical","tag-v2.13-source-identical","tag-v2.15-source-identical","U02","P2","Tham khảo semantics; thay API Angular/template/token bằng contract React tại spec, không giữ từng symbol 1:1."
"SdUploadExcelColumnValues","InterfaceDeclaration","components/import-excel","components/import-excel/src/import-excel.model.ts","94","tag-v2.15-source-identical","tag-v2.13-source-identical","tag-v2.15-source-identical","U02","P2","Tham khảo semantics; thay API Angular/template/token bằng contract React tại spec, không giữ từng symbol 1:1."
"SdInformActionDirective","ClassDeclaration","components/inform","components/inform/src/inform-action.directive.ts","7","tag-v2.15-source-identical","tag-v2.13-source-identical","tag-v2.15-source-identical","C09","P0","Tham khảo semantics; thay API Angular/template/token bằng contract React tại spec, không giữ từng symbol 1:1."
"SdInform","ClassDeclaration","components/inform","components/inform/src/inform.component.ts","35","snapshot-modified-after-v2.15","tag-v2.13-source-identical","snapshot-modified-after-v2.15","C09","P0","Tham khảo semantics; thay API Angular/template/token bằng contract React tại spec, không giữ từng symbol 1:1."
"SdInformType","TypeAliasDeclaration","components/inform","components/inform/src/inform.component.ts","23","snapshot-modified-after-v2.15","tag-v2.13-source-identical","snapshot-modified-after-v2.15","C09","P0","Tham khảo semantics; thay API Angular/template/token bằng contract React tại spec, không giữ từng symbol 1:1."
"SdJobProgress","ClassDeclaration","components/job-progress","components/job-progress/src/job-progress.component.ts","7","tag-v2.15-source-identical","tag-v2.13-source-identical","tag-v2.15-source-identical","C10,S06","P0/P2","Tham khảo semantics; thay API Angular/template/token bằng contract React tại spec, không giữ từng symbol 1:1."
"SdJobProgressMode","TypeAliasDeclaration","components/job-progress","components/job-progress/src/job-progress.component.ts","5","tag-v2.15-source-identical","tag-v2.13-source-identical","tag-v2.15-source-identical","C10,S06","P0/P2","Tham khảo semantics; thay API Angular/template/token bằng contract React tại spec, không giữ từng symbol 1:1."
"SdKanban","ClassDeclaration","components/kanban","components/kanban/src/kanban.component.ts","62","snapshot-only-vs-v2.15","not-present-in-4db0ac9","snapshot-only-vs-v2.15","D06","P3-reference-snapshot","Tham khảo semantics; thay API Angular/template/token bằng contract React tại spec, không giữ từng symbol 1:1."
"SdKanbanCardTemplateContext","InterfaceDeclaration","components/kanban","components/kanban/src/kanban.model.ts","58","snapshot-only-vs-v2.15","not-present-in-4db0ac9","snapshot-only-vs-v2.15","D06","P3-reference-snapshot","Tham khảo semantics; thay API Angular/template/token bằng contract React tại spec, không giữ từng symbol 1:1."
"SdKanbanColumn","InterfaceDeclaration","components/kanban","components/kanban/src/kanban.model.ts","7","snapshot-only-vs-v2.15","not-present-in-4db0ac9","snapshot-only-vs-v2.15","D06","P3-reference-snapshot","Tham khảo semantics; thay API Angular/template/token bằng contract React tại spec, không giữ từng symbol 1:1."
"SdKanbanColumnTemplateContext","InterfaceDeclaration","components/kanban","components/kanban/src/kanban.model.ts","66","snapshot-only-vs-v2.15","not-present-in-4db0ac9","snapshot-only-vs-v2.15","D06","P3-reference-snapshot","Tham khảo semantics; thay API Angular/template/token bằng contract React tại spec, không giữ từng symbol 1:1."
"SdKanbanId","TypeAliasDeclaration","components/kanban","components/kanban/src/kanban.model.ts","4","snapshot-only-vs-v2.15","not-present-in-4db0ac9","snapshot-only-vs-v2.15","D06","P3-reference-snapshot","Tham khảo semantics; thay API Angular/template/token bằng contract React tại spec, không giữ từng symbol 1:1."
"SdKanbanMoveError","InterfaceDeclaration","components/kanban","components/kanban/src/kanban.model.ts","52","snapshot-only-vs-v2.15","not-present-in-4db0ac9","snapshot-only-vs-v2.15","D06","P3-reference-snapshot","Tham khảo semantics; thay API Angular/template/token bằng contract React tại spec, không giữ từng symbol 1:1."
"SdKanbanMoveRequest","InterfaceDeclaration","components/kanban","components/kanban/src/kanban.model.ts","16","snapshot-only-vs-v2.15","not-present-in-4db0ac9","snapshot-only-vs-v2.15","D06","P3-reference-snapshot","Tham khảo semantics; thay API Angular/template/token bằng contract React tại spec, không giữ từng symbol 1:1."
"SdKanbanMoveSource","TypeAliasDeclaration","components/kanban","components/kanban/src/kanban.model.ts","5","snapshot-only-vs-v2.15","not-present-in-4db0ac9","snapshot-only-vs-v2.15","D06","P3-reference-snapshot","Tham khảo semantics; thay API Angular/template/token bằng contract React tại spec, không giữ từng symbol 1:1."
"SdKanbanOption","InterfaceDeclaration","components/kanban","components/kanban/src/kanban.model.ts","32","snapshot-only-vs-v2.15","not-present-in-4db0ac9","snapshot-only-vs-v2.15","D06","P3-reference-snapshot","Tham khảo semantics; thay API Angular/template/token bằng contract React tại spec, không giữ từng symbol 1:1."
"SdKanbanCardActionsTemplateDirective","ClassDeclaration","components/kanban","components/kanban/src/kanban.templates.ts","16","snapshot-only-vs-v2.15","not-present-in-4db0ac9","snapshot-only-vs-v2.15","D06","P3-reference-snapshot","Tham khảo semantics; thay API Angular/template/token bằng contract React tại spec, không giữ từng symbol 1:1."
"SdKanbanCardTemplateDirective","ClassDeclaration","components/kanban","components/kanban/src/kanban.templates.ts","4","snapshot-only-vs-v2.15","not-present-in-4db0ac9","snapshot-only-vs-v2.15","D06","P3-reference-snapshot","Tham khảo semantics; thay API Angular/template/token bằng contract React tại spec, không giữ từng symbol 1:1."
"SdKanbanColumnActionsTemplateDirective","ClassDeclaration","components/kanban","components/kanban/src/kanban.templates.ts","34","snapshot-only-vs-v2.15","not-present-in-4db0ac9","snapshot-only-vs-v2.15","D06","P3-reference-snapshot","Tham khảo semantics; thay API Angular/template/token bằng contract React tại spec, không giữ từng symbol 1:1."
"SdKanbanColumnTemplateDirective","ClassDeclaration","components/kanban","components/kanban/src/kanban.templates.ts","27","snapshot-only-vs-v2.15","not-present-in-4db0ac9","snapshot-only-vs-v2.15","D06","P3-reference-snapshot","Tham khảo semantics; thay API Angular/template/token bằng contract React tại spec, không giữ từng symbol 1:1."
"SdMiniEditor","ClassDeclaration","components/mini-editor","components/mini-editor/src/mini-editor.component.ts","44","snapshot-modified-after-v2.15","tag-v2.13-source-identical","snapshot-modified-after-v2.15","X01","P3","Tham khảo semantics; thay API Angular/template/token bằng contract React tại spec, không giữ từng symbol 1:1."
"MentionFeedObjectItem","external-type-reexport","components/mini-editor","components/mini-editor/src/mini-editor.model.ts","3","tag-v2.15-source-identical","tag-v2.13-source-identical","tag-v2.15-source-identical","X01","P3","Tham khảo semantics; thay API Angular/template/token bằng contract React tại spec, không giữ từng symbol 1:1."
"SdMiniEditorConfig","TypeAliasDeclaration","components/mini-editor","components/mini-editor/src/mini-editor.model.ts","48","tag-v2.15-source-identical","tag-v2.13-source-identical","tag-v2.15-source-identical","X01","P3","Tham khảo semantics; thay API Angular/template/token bằng contract React tại spec, không giữ từng symbol 1:1."
"SdMiniEditorMentionConfig","InterfaceDeclaration","components/mini-editor","components/mini-editor/src/mini-editor.model.ts","7","tag-v2.15-source-identical","tag-v2.13-source-identical","tag-v2.15-source-identical","X01","P3","Tham khảo semantics; thay API Angular/template/token bằng contract React tại spec, không giữ từng symbol 1:1."
"SdMiniEditorMentionItem","TypeAliasDeclaration","components/mini-editor","components/mini-editor/src/mini-editor.model.ts","21","tag-v2.15-source-identical","tag-v2.13-source-identical","tag-v2.15-source-identical","X01","P3","Tham khảo semantics; thay API Angular/template/token bằng contract React tại spec, không giữ từng symbol 1:1."
"SdMiniEditorOption","InterfaceDeclaration","components/mini-editor","components/mini-editor/src/mini-editor.model.ts","25","tag-v2.15-source-identical","tag-v2.13-source-identical","tag-v2.15-source-identical","X01","P3","Tham khảo semantics; thay API Angular/template/token bằng contract React tại spec, không giữ từng symbol 1:1."
"SdMiniEditorOutputFormat","TypeAliasDeclaration","components/mini-editor","components/mini-editor/src/mini-editor.model.ts","5","tag-v2.15-source-identical","tag-v2.13-source-identical","tag-v2.15-source-identical","X01","P3","Tham khảo semantics; thay API Angular/template/token bằng contract React tại spec, không giữ từng symbol 1:1."
"SdModalResizable","ClassDeclaration","components/modal-resizable","components/modal-resizable/src/modal-resizable.component.ts","102","tag-v2.15-source-identical","tag-v2.13-source-identical","tag-v2.15-source-identical","C13","P2","Tham khảo semantics; thay API Angular/template/token bằng contract React tại spec, không giữ từng symbol 1:1."
"SdModal","ClassDeclaration","components/modal","components/modal/src/modal.component.ts","38","tag-v2.15-source-identical","tag-v2.13-source-identical","tag-v2.15-source-identical","C11","P1","Tham khảo semantics; thay API Angular/template/token bằng contract React tại spec, không giữ từng symbol 1:1."
"SdModalBeforeClose","TypeAliasDeclaration","components/modal","components/modal/src/modal.component.ts","31","tag-v2.15-source-identical","tag-v2.13-source-identical","tag-v2.15-source-identical","C11","P1","Tham khảo semantics; thay API Angular/template/token bằng contract React tại spec, không giữ từng symbol 1:1."
"SdOperator","ClassDeclaration","components/operator","components/operator/src/operator.component.ts","15","tag-v2.15-source-identical","tag-v2.13-source-identical","tag-v2.15-source-identical","D02","P2-private-composition","Tham khảo semantics; thay API Angular/template/token bằng contract React tại spec, không giữ từng symbol 1:1."
"SdOrgChartItemDefDirective","ClassDeclaration","components/org-chart","components/org-chart/src/org-chart-item-def.directive.ts","4","tag-v2.15-source-identical","tag-v2.13-source-identical","tag-v2.15-source-identical","X03","P3","Tham khảo semantics; thay API Angular/template/token bằng contract React tại spec, không giữ từng symbol 1:1."
"SdOrgChart","ClassDeclaration","components/org-chart","components/org-chart/src/org-chart.component.ts","20","tag-v2.15-source-identical","tag-v2.13-source-identical","tag-v2.15-source-identical","X03","P3","Tham khảo semantics; thay API Angular/template/token bằng contract React tại spec, không giữ từng symbol 1:1."
"SdOrgChartItem","InterfaceDeclaration","components/org-chart","components/org-chart/src/org-chart.model.ts","3","tag-v2.15-source-identical","tag-v2.13-source-identical","tag-v2.15-source-identical","X03","P3","Tham khảo semantics; thay API Angular/template/token bằng contract React tại spec, không giữ từng symbol 1:1."
"SdOrgChartItemContext","InterfaceDeclaration","components/org-chart","components/org-chart/src/org-chart.model.ts","13","tag-v2.15-source-identical","tag-v2.13-source-identical","tag-v2.15-source-identical","X03","P3","Tham khảo semantics; thay API Angular/template/token bằng contract React tại spec, không giữ từng symbol 1:1."
"SdOrgChartItemTemplate","TypeAliasDeclaration","components/org-chart","components/org-chart/src/org-chart.model.ts","24","tag-v2.15-source-identical","tag-v2.13-source-identical","tag-v2.15-source-identical","X03","P3","Tham khảo semantics; thay API Angular/template/token bằng contract React tại spec, không giữ từng symbol 1:1."
"SdOrgChartOption","InterfaceDeclaration","components/org-chart","components/org-chart/src/org-chart.model.ts","31","tag-v2.15-source-identical","tag-v2.13-source-identical","tag-v2.15-source-identical","X03","P3","Tham khảo semantics; thay API Angular/template/token bằng contract React tại spec, không giữ từng symbol 1:1."
"SdOrgChartToggleEvent","InterfaceDeclaration","components/org-chart","components/org-chart/src/org-chart.model.ts","26","tag-v2.15-source-identical","tag-v2.13-source-identical","tag-v2.15-source-identical","X03","P3","Tham khảo semantics; thay API Angular/template/token bằng contract React tại spec, không giữ từng symbol 1:1."
"SdPreviewImage","ClassDeclaration","components/preview","components/preview/src/preview-image/preview-image.component.ts","27","snapshot-modified-after-v2.15","tag-v2.13-source-identical","snapshot-modified-after-v2.15","U03","P2","Tham khảo semantics; thay API Angular/template/token bằng contract React tại spec, không giữ từng symbol 1:1."
"NormalizedImage","InterfaceDeclaration","components/preview","components/preview/src/preview-image/preview-image.types.ts","25","tag-v2.15-source-identical","tag-v2.13-source-identical","tag-v2.15-source-identical","U03","P2","Tham khảo semantics; thay API Angular/template/token bằng contract React tại spec, không giữ từng symbol 1:1."
"PreviewItem","TypeAliasDeclaration","components/preview","components/preview/src/preview-image/preview-image.types.ts","8","tag-v2.15-source-identical","tag-v2.13-source-identical","tag-v2.15-source-identical","U03","P2","Tham khảo semantics; thay API Angular/template/token bằng contract React tại spec, không giữ từng symbol 1:1."
"PreviewStage","TypeAliasDeclaration","components/preview","components/preview/src/preview-image/preview-image.types.ts","41","tag-v2.15-source-identical","tag-v2.13-source-identical","tag-v2.15-source-identical","U03","P2","Tham khảo semantics; thay API Angular/template/token bằng contract React tại spec, không giữ từng symbol 1:1."
"PreviewTheme","TypeAliasDeclaration","components/preview","components/preview/src/preview-image/preview-image.types.ts","60","tag-v2.15-source-identical","tag-v2.13-source-identical","tag-v2.15-source-identical","U03","P2","Tham khảo semantics; thay API Angular/template/token bằng contract React tại spec, không giữ từng symbol 1:1."
"ThumbnailPosition","TypeAliasDeclaration","components/preview","components/preview/src/preview-image/preview-image.types.ts","48","tag-v2.15-source-identical","tag-v2.13-source-identical","tag-v2.15-source-identical","U03","P2","Tham khảo semantics; thay API Angular/template/token bằng contract React tại spec, không giữ từng symbol 1:1."
"SD_PDF_BROWSER_ADAPTER","FirstStatement","components/preview","components/preview/src/preview-pdf/preview-pdf.browser.ts","161","snapshot-modified-after-v2.15","tag-v2.13-source-identical","snapshot-modified-after-v2.15","U03","P2","Tham khảo semantics; thay API Angular/template/token bằng contract React tại spec, không giữ từng symbol 1:1."
"SdPdfBrowserAdapter","InterfaceDeclaration","components/preview","components/preview/src/preview-pdf/preview-pdf.browser.ts","10","snapshot-modified-after-v2.15","tag-v2.13-source-identical","snapshot-modified-after-v2.15","U03","P2","Tham khảo semantics; thay API Angular/template/token bằng contract React tại spec, không giữ từng symbol 1:1."
"SdPdfIntersectionEntry","InterfaceDeclaration","components/preview","components/preview/src/preview-pdf/preview-pdf.browser.ts","5","snapshot-modified-after-v2.15","tag-v2.13-source-identical","snapshot-modified-after-v2.15","U03","P2","Tham khảo semantics; thay API Angular/template/token bằng contract React tại spec, không giữ từng symbol 1:1."
"SdPreviewPdf","ClassDeclaration","components/preview","components/preview/src/preview-pdf/preview-pdf.component.ts","147","snapshot-modified-after-v2.15","tag-v2.13-source-identical","snapshot-modified-after-v2.15","U03","P2","Tham khảo semantics; thay API Angular/template/token bằng contract React tại spec, không giữ từng symbol 1:1."
"SD_PDFJS_LIB","FirstStatement","components/preview","components/preview/src/preview-pdf/preview-pdf.pdfjs.ts","85","tag-v2.15-source-identical","tag-v2.13-source-identical","tag-v2.15-source-identical","U03","P2","Tham khảo semantics; thay API Angular/template/token bằng contract React tại spec, không giữ từng symbol 1:1."
"SdPdfDestination","TypeAliasDeclaration","components/preview","components/preview/src/preview-pdf/preview-pdf.pdfjs.ts","37","tag-v2.15-source-identical","tag-v2.13-source-identical","tag-v2.15-source-identical","U03","P2","Tham khảo semantics; thay API Angular/template/token bằng contract React tại spec, không giữ từng symbol 1:1."
"SdPdfDocumentProxy","InterfaceDeclaration","components/preview","components/preview/src/preview-pdf/preview-pdf.pdfjs.ts","46","tag-v2.15-source-identical","tag-v2.13-source-identical","tag-v2.15-source-identical","U03","P2","Tham khảo semantics; thay API Angular/template/token bằng contract React tại spec, không giữ từng symbol 1:1."
"SdPdfDocumentSpec","InterfaceDeclaration","components/preview","components/preview/src/preview-pdf/preview-pdf.pdfjs.ts","66","tag-v2.15-source-identical","tag-v2.13-source-identical","tag-v2.15-source-identical","U03","P2","Tham khảo semantics; thay API Angular/template/token bằng contract React tại spec, không giữ từng symbol 1:1."
"SdPdfJsLib","InterfaceDeclaration","components/preview","components/preview/src/preview-pdf/preview-pdf.pdfjs.ts","74","tag-v2.15-source-identical","tag-v2.13-source-identical","tag-v2.15-source-identical","U03","P2","Tham khảo semantics; thay API Angular/template/token bằng contract React tại spec, không giữ từng symbol 1:1."
"SdPdfLoadingTask","InterfaceDeclaration","components/preview","components/preview/src/preview-pdf/preview-pdf.pdfjs.ts","60","tag-v2.15-source-identical","tag-v2.13-source-identical","tag-v2.15-source-identical","U03","P2","Tham khảo semantics; thay API Angular/template/token bằng contract React tại spec, không giữ từng symbol 1:1."
"SdPdfPageProxy","InterfaceDeclaration","components/preview","components/preview/src/preview-pdf/preview-pdf.pdfjs.ts","25","tag-v2.15-source-identical","tag-v2.13-source-identical","tag-v2.15-source-identical","U03","P2","Tham khảo semantics; thay API Angular/template/token bằng contract React tại spec, không giữ từng symbol 1:1."
"SdPdfRawOutlineItem","InterfaceDeclaration","components/preview","components/preview/src/preview-pdf/preview-pdf.pdfjs.ts","39","tag-v2.15-source-identical","tag-v2.13-source-identical","tag-v2.15-source-identical","U03","P2","Tham khảo semantics; thay API Angular/template/token bằng contract React tại spec, không giữ từng symbol 1:1."
"SdPdfReference","InterfaceDeclaration","components/preview","components/preview/src/preview-pdf/preview-pdf.pdfjs.ts","32","tag-v2.15-source-identical","tag-v2.13-source-identical","tag-v2.15-source-identical","U03","P2","Tham khảo semantics; thay API Angular/template/token bằng contract React tại spec, không giữ từng symbol 1:1."
"SdPdfRenderTask","InterfaceDeclaration","components/preview","components/preview/src/preview-pdf/preview-pdf.pdfjs.ts","7","tag-v2.15-source-identical","tag-v2.13-source-identical","tag-v2.15-source-identical","U03","P2","Tham khảo semantics; thay API Angular/template/token bằng contract React tại spec, không giữ từng symbol 1:1."
"SdPdfTextContent","InterfaceDeclaration","components/preview","components/preview/src/preview-pdf/preview-pdf.pdfjs.ts","21","tag-v2.15-source-identical","tag-v2.13-source-identical","tag-v2.15-source-identical","U03","P2","Tham khảo semantics; thay API Angular/template/token bằng contract React tại spec, không giữ từng symbol 1:1."
"SdPdfTextItem","InterfaceDeclaration","components/preview","components/preview/src/preview-pdf/preview-pdf.pdfjs.ts","17","tag-v2.15-source-identical","tag-v2.13-source-identical","tag-v2.15-source-identical","U03","P2","Tham khảo semantics; thay API Angular/template/token bằng contract React tại spec, không giữ từng symbol 1:1."
"SdPdfViewport","InterfaceDeclaration","components/preview","components/preview/src/preview-pdf/preview-pdf.pdfjs.ts","12","tag-v2.15-source-identical","tag-v2.13-source-identical","tag-v2.15-source-identical","U03","P2","Tham khảo semantics; thay API Angular/template/token bằng contract React tại spec, không giữ từng symbol 1:1."
"SD_PDF_PRINT_ADAPTER","FirstStatement","components/preview","components/preview/src/preview-pdf/preview-pdf.print.ts","118","tag-v2.15-source-identical","tag-v2.13-source-identical","tag-v2.15-source-identical","U03","P2","Tham khảo semantics; thay API Angular/template/token bằng contract React tại spec, không giữ từng symbol 1:1."
"SdPdfPrintAdapter","InterfaceDeclaration","components/preview","components/preview/src/preview-pdf/preview-pdf.print.ts","9","tag-v2.15-source-identical","tag-v2.13-source-identical","tag-v2.15-source-identical","U03","P2","Tham khảo semantics; thay API Angular/template/token bằng contract React tại spec, không giữ từng symbol 1:1."
"SdPdfPrintJob","InterfaceDeclaration","components/preview","components/preview/src/preview-pdf/preview-pdf.print.ts","4","tag-v2.15-source-identical","tag-v2.13-source-identical","tag-v2.15-source-identical","U03","P2","Tham khảo semantics; thay API Angular/template/token bằng contract React tại spec, không giữ từng symbol 1:1."
"PdfErrorEvent","InterfaceDeclaration","components/preview","components/preview/src/preview-pdf/preview-pdf.types.ts","62","tag-v2.15-source-identical","tag-v2.13-source-identical","tag-v2.15-source-identical","U03","P2","Tham khảo semantics; thay API Angular/template/token bằng contract React tại spec, không giữ từng symbol 1:1."
"PdfErrorReason","TypeAliasDeclaration","components/preview","components/preview/src/preview-pdf/preview-pdf.types.ts","53","tag-v2.15-source-identical","tag-v2.13-source-identical","tag-v2.15-source-identical","U03","P2","Tham khảo semantics; thay API Angular/template/token bằng contract React tại spec, không giữ từng symbol 1:1."
"PdfLoadEvent","InterfaceDeclaration","components/preview","components/preview/src/preview-pdf/preview-pdf.types.ts","56","tag-v2.15-source-identical","tag-v2.13-source-identical","tag-v2.15-source-identical","U03","P2","Tham khảo semantics; thay API Angular/template/token bằng contract React tại spec, không giữ từng symbol 1:1."
"PdfMeta","InterfaceDeclaration","components/preview","components/preview/src/preview-pdf/preview-pdf.types.ts","42","tag-v2.15-source-identical","tag-v2.13-source-identical","tag-v2.15-source-identical","U03","P2","Tham khảo semantics; thay API Angular/template/token bằng contract React tại spec, không giữ từng symbol 1:1."
"PdfOutlineItem","InterfaceDeclaration","components/preview","components/preview/src/preview-pdf/preview-pdf.types.ts","31","tag-v2.15-source-identical","tag-v2.13-source-identical","tag-v2.15-source-identical","U03","P2","Tham khảo semantics; thay API Angular/template/token bằng contract React tại spec, không giữ từng symbol 1:1."
"PdfScrollMode","TypeAliasDeclaration","components/preview","components/preview/src/preview-pdf/preview-pdf.types.ts","28","tag-v2.15-source-identical","tag-v2.13-source-identical","tag-v2.15-source-identical","U03","P2","Tham khảo semantics; thay API Angular/template/token bằng contract React tại spec, không giữ từng symbol 1:1."
"PdfSearchResult","InterfaceDeclaration","components/preview","components/preview/src/preview-pdf/preview-pdf.types.ts","77","tag-v2.15-source-identical","tag-v2.13-source-identical","tag-v2.15-source-identical","U03","P2","Tham khảo semantics; thay API Angular/template/token bằng contract React tại spec, không giữ từng symbol 1:1."
"PdfSearchState","InterfaceDeclaration","components/preview","components/preview/src/preview-pdf/preview-pdf.types.ts","95","tag-v2.15-source-identical","tag-v2.13-source-identical","tag-v2.15-source-identical","U03","P2","Tham khảo semantics; thay API Angular/template/token bằng contract React tại spec, không giữ từng symbol 1:1."
"PdfSidebarMode","TypeAliasDeclaration","components/preview","components/preview/src/preview-pdf/preview-pdf.types.ts","25","tag-v2.15-source-identical","tag-v2.13-source-identical","tag-v2.15-source-identical","U03","P2","Tham khảo semantics; thay API Angular/template/token bằng contract React tại spec, không giữ từng symbol 1:1."
"PdfSource","TypeAliasDeclaration","components/preview","components/preview/src/preview-pdf/preview-pdf.types.ts","8","tag-v2.15-source-identical","tag-v2.13-source-identical","tag-v2.15-source-identical","U03","P2","Tham khảo semantics; thay API Angular/template/token bằng contract React tại spec, không giữ từng symbol 1:1."
"PdfStage","TypeAliasDeclaration","components/preview","components/preview/src/preview-pdf/preview-pdf.types.ts","50","tag-v2.15-source-identical","tag-v2.13-source-identical","tag-v2.15-source-identical","U03","P2","Tham khảo semantics; thay API Angular/template/token bằng contract React tại spec, không giữ từng symbol 1:1."
"PdfZoomMode","TypeAliasDeclaration","components/preview","components/preview/src/preview-pdf/preview-pdf.types.ts","22","tag-v2.15-source-identical","tag-v2.13-source-identical","tag-v2.15-source-identical","U03","P2","Tham khảo semantics; thay API Angular/template/token bằng contract React tại spec, không giữ từng symbol 1:1."
"SdPreviewVideo","ClassDeclaration","components/preview","components/preview/src/preview-video/preview-video.component.ts","30","snapshot-only-vs-v2.15","not-present-in-4db0ac9","snapshot-only-vs-v2.15","U03","P2","Tham khảo semantics; thay API Angular/template/token bằng contract React tại spec, không giữ từng symbol 1:1."
"SdPreviewVideoStatus","TypeAliasDeclaration","components/preview","components/preview/src/preview-video/preview-video.component.ts","17","snapshot-only-vs-v2.15","not-present-in-4db0ac9","snapshot-only-vs-v2.15","U03","P2","Tham khảo semantics; thay API Angular/template/token bằng contract React tại spec, không giữ từng symbol 1:1."
"SdQueryBar","ClassDeclaration","components/query-bar","components/query-bar/src/query-bar.component.ts","57","tag-v2.15-source-identical","tag-v2.13-source-identical","tag-v2.15-source-identical","D02","P2","Tham khảo semantics; thay API Angular/template/token bằng contract React tại spec, không giữ từng symbol 1:1."
"BuildingChip","InterfaceDeclaration","components/query-bar","components/query-bar/src/query-bar.model.ts","155","tag-v2.15-source-identical","tag-v2.13-source-identical","tag-v2.15-source-identical","D02","P2","Tham khảo semantics; thay API Angular/template/token bằng contract React tại spec, không giữ từng symbol 1:1."
"SD_QUERY_DEFAULT_OPERATOR_BY_TYPE","FirstStatement","components/query-bar","components/query-bar/src/query-bar.model.ts","178","tag-v2.15-source-identical","tag-v2.13-source-identical","tag-v2.15-source-identical","D02","P2","Tham khảo semantics; thay API Angular/template/token bằng contract React tại spec, không giữ từng symbol 1:1."
"SD_QUERY_MULTI_OPERATORS","FirstStatement","components/query-bar","components/query-bar/src/query-bar.model.ts","211","tag-v2.15-source-identical","tag-v2.13-source-identical","tag-v2.15-source-identical","D02","P2","Tham khảo semantics; thay API Angular/template/token bằng contract React tại spec, không giữ từng symbol 1:1."
"SD_QUERY_NO_DATA_OPERATORS","FirstStatement","components/query-bar","components/query-bar/src/query-bar.model.ts","208","tag-v2.15-source-identical","tag-v2.13-source-identical","tag-v2.15-source-identical","D02","P2","Tham khảo semantics; thay API Angular/template/token bằng contract React tại spec, không giữ từng symbol 1:1."
"SD_QUERY_OPERATORS_BY_TYPE","FirstStatement","components/query-bar","components/query-bar/src/query-bar.model.ts","167","tag-v2.15-source-identical","tag-v2.13-source-identical","tag-v2.15-source-identical","D02","P2","Tham khảo semantics; thay API Angular/template/token bằng contract React tại spec, không giữ từng symbol 1:1."
"SD_QUERY_TYPE_ICON","FirstStatement","components/query-bar","components/query-bar/src/query-bar.model.ts","189","tag-v2.15-source-identical","tag-v2.13-source-identical","tag-v2.15-source-identical","D02","P2","Tham khảo semantics; thay API Angular/template/token bằng contract React tại spec, không giữ từng symbol 1:1."
"SdQuery","InterfaceDeclaration","components/query-bar","components/query-bar/src/query-bar.model.ts","110","tag-v2.15-source-identical","tag-v2.13-source-identical","tag-v2.15-source-identical","D02","P2","Tham khảo semantics; thay API Angular/template/token bằng contract React tại spec, không giữ từng symbol 1:1."
"sdQueryAllowedOperators","FunctionDeclaration","components/query-bar","components/query-bar/src/query-bar.model.ts","244","tag-v2.15-source-identical","tag-v2.13-source-identical","tag-v2.15-source-identical","D02","P2","Tham khảo semantics; thay API Angular/template/token bằng contract React tại spec, không giữ từng symbol 1:1."
"SdQueryBarOption","InterfaceDeclaration","components/query-bar","components/query-bar/src/query-bar.model.ts","118","tag-v2.15-source-identical","tag-v2.13-source-identical","tag-v2.15-source-identical","D02","P2","Tham khảo semantics; thay API Angular/template/token bằng contract React tại spec, không giữ từng symbol 1:1."
"sdQueryDefaultOperator","FunctionDeclaration","components/query-bar","components/query-bar/src/query-bar.model.ts","214","tag-v2.15-source-identical","tag-v2.13-source-identical","tag-v2.15-source-identical","D02","P2","Tham khảo semantics; thay API Angular/template/token bằng contract React tại spec, không giữ từng symbol 1:1."
"SdQueryField","TypeAliasDeclaration","components/query-bar","components/query-bar/src/query-bar.model.ts","93","tag-v2.15-source-identical","tag-v2.13-source-identical","tag-v2.15-source-identical","D02","P2","Tham khảo semantics; thay API Angular/template/token bằng contract React tại spec, không giữ từng symbol 1:1."
"SdQueryFieldBoolean","InterfaceDeclaration","components/query-bar","components/query-bar/src/query-bar.model.ts","51","tag-v2.15-source-identical","tag-v2.13-source-identical","tag-v2.15-source-identical","D02","P2","Tham khảo semantics; thay API Angular/template/token bằng contract React tại spec, không giữ từng symbol 1:1."
"SdQueryFieldDate","InterfaceDeclaration","components/query-bar","components/query-bar/src/query-bar.model.ts","58","tag-v2.15-source-identical","tag-v2.13-source-identical","tag-v2.15-source-identical","D02","P2","Tham khảo semantics; thay API Angular/template/token bằng contract React tại spec, không giữ từng symbol 1:1."
"sdQueryFieldIcon","FunctionDeclaration","components/query-bar","components/query-bar/src/query-bar.model.ts","203","tag-v2.15-source-identical","tag-v2.13-source-identical","tag-v2.15-source-identical","D02","P2","Tham khảo semantics; thay API Angular/template/token bằng contract React tại spec, không giữ từng symbol 1:1."
"SdQueryFieldLazyValues","InterfaceDeclaration","components/query-bar","components/query-bar/src/query-bar.model.ts","84","tag-v2.15-source-identical","tag-v2.13-source-identical","tag-v2.15-source-identical","D02","P2","Tham khảo semantics; thay API Angular/template/token bằng contract React tại spec, không giữ từng symbol 1:1."
"SdQueryFieldNumber","InterfaceDeclaration","components/query-bar","components/query-bar/src/query-bar.model.ts","42","tag-v2.15-source-identical","tag-v2.13-source-identical","tag-v2.15-source-identical","D02","P2","Tham khảo semantics; thay API Angular/template/token bằng contract React tại spec, không giữ từng symbol 1:1."
"SdQueryFieldString","InterfaceDeclaration","components/query-bar","components/query-bar/src/query-bar.model.ts","38","tag-v2.15-source-identical","tag-v2.13-source-identical","tag-v2.15-source-identical","D02","P2","Tham khảo semantics; thay API Angular/template/token bằng contract React tại spec, không giữ từng symbol 1:1."
"SdQueryFieldType","TypeAliasDeclaration","components/query-bar","components/query-bar/src/query-bar.model.ts","10","tag-v2.15-source-identical","tag-v2.13-source-identical","tag-v2.15-source-identical","D02","P2","Tham khảo semantics; thay API Angular/template/token bằng contract React tại spec, không giữ từng symbol 1:1."
"SdQueryFieldValues","InterfaceDeclaration","components/query-bar","components/query-bar/src/query-bar.model.ts","69","tag-v2.15-source-identical","tag-v2.13-source-identical","tag-v2.15-source-identical","D02","P2","Tham khảo semantics; thay API Angular/template/token bằng contract React tại spec, không giữ từng symbol 1:1."
"SdQueryLogic","TypeAliasDeclaration","components/query-bar","components/query-bar/src/query-bar.model.ts","108","tag-v2.15-source-identical","tag-v2.13-source-identical","tag-v2.15-source-identical","D02","P2","Tham khảo semantics; thay API Angular/template/token bằng contract React tại spec, không giữ từng symbol 1:1."
"sdQueryShowOperatorSelector","FunctionDeclaration","components/query-bar","components/query-bar/src/query-bar.model.ts","260","tag-v2.15-source-identical","tag-v2.13-source-identical","tag-v2.15-source-identical","D02","P2","Tham khảo semantics; thay API Angular/template/token bằng contract React tại spec, không giữ từng symbol 1:1."
"SdSavedFilter","InterfaceDeclaration","components/query-bar","components/query-bar/src/query-bar.model.ts","142","tag-v2.15-source-identical","tag-v2.13-source-identical","tag-v2.15-source-identical","D02","P2","Tham khảo semantics; thay API Angular/template/token bằng contract React tại spec, không giữ từng symbol 1:1."
"SdQueryBuilder","ClassDeclaration","components/query-builder","components/query-builder/src/query-builder.component.ts","71","tag-v2.15-source-identical","tag-v2.13-source-identical","tag-v2.15-source-identical","D03","P2","Tham khảo semantics; thay API Angular/template/token bằng contract React tại spec, không giữ từng symbol 1:1."
"qbRelativeLabelKey","FunctionDeclaration","components/query-builder","components/query-builder/src/query-builder.model.ts","339","tag-v2.15-source-identical","tag-v2.13-source-identical","tag-v2.15-source-identical","D03","P2","Tham khảo semantics; thay API Angular/template/token bằng contract React tại spec, không giữ từng symbol 1:1."
"SD_QB_DATE_MODES","FirstStatement","components/query-builder","components/query-builder/src/query-builder.model.ts","300","tag-v2.15-source-identical","tag-v2.13-source-identical","tag-v2.15-source-identical","D03","P2","Tham khảo semantics; thay API Angular/template/token bằng contract React tại spec, không giữ từng symbol 1:1."
"SD_QB_DEFAULT_OPERATOR_BY_TYPE","FirstStatement","components/query-builder","components/query-builder/src/query-builder.model.ts","146","tag-v2.15-source-identical","tag-v2.13-source-identical","tag-v2.15-source-identical","D03","P2","Tham khảo semantics; thay API Angular/template/token bằng contract React tại spec, không giữ từng symbol 1:1."
"SD_QB_EMPTY_OPTIONS","FirstStatement","components/query-builder","components/query-builder/src/query-builder.model.ts","344","tag-v2.15-source-identical","tag-v2.13-source-identical","tag-v2.15-source-identical","D03","P2","Tham khảo semantics; thay API Angular/template/token bằng contract React tại spec, không giữ từng symbol 1:1."
"SD_QB_MULTI_OPERATORS","FirstStatement","components/query-builder","components/query-builder/src/query-builder.model.ts","159","tag-v2.15-source-identical","tag-v2.13-source-identical","tag-v2.15-source-identical","D03","P2","Tham khảo semantics; thay API Angular/template/token bằng contract React tại spec, không giữ từng symbol 1:1."
"SD_QB_NO_DATA_OPERATORS","FirstStatement","components/query-builder","components/query-builder/src/query-builder.model.ts","156","tag-v2.15-source-identical","tag-v2.13-source-identical","tag-v2.15-source-identical","D03","P2","Tham khảo semantics; thay API Angular/template/token bằng contract React tại spec, không giữ từng symbol 1:1."
"SD_QB_OPERATORS_BY_TYPE","FirstStatement","components/query-builder","components/query-builder/src/query-builder.model.ts","136","tag-v2.15-source-identical","tag-v2.13-source-identical","tag-v2.15-source-identical","D03","P2","Tham khảo semantics; thay API Angular/template/token bằng contract React tại spec, không giữ từng symbol 1:1."
"SD_QB_RELATIVE_UNIT_OPTIONS","FirstStatement","components/query-builder","components/query-builder/src/query-builder.model.ts","329","tag-v2.15-source-identical","tag-v2.13-source-identical","tag-v2.15-source-identical","D03","P2","Tham khảo semantics; thay API Angular/template/token bằng contract React tại spec, không giữ từng symbol 1:1."
"SD_QB_TODAY","FirstStatement","components/query-builder","components/query-builder/src/query-builder.model.ts","260","tag-v2.15-source-identical","tag-v2.13-source-identical","tag-v2.15-source-identical","D03","P2","Tham khảo semantics; thay API Angular/template/token bằng contract React tại spec, không giữ từng symbol 1:1."
"SD_QB_TYPE_ICON","FirstStatement","components/query-builder","components/query-builder/src/query-builder.model.ts","197","tag-v2.15-source-identical","tag-v2.13-source-identical","tag-v2.15-source-identical","D03","P2","Tham khảo semantics; thay API Angular/template/token bằng contract React tại spec, không giữ từng symbol 1:1."
"SD_QB_VALUE_SOURCE_OPTIONS","FirstStatement","components/query-builder","components/query-builder/src/query-builder.model.ts","316","tag-v2.15-source-identical","tag-v2.13-source-identical","tag-v2.15-source-identical","D03","P2","Tham khảo semantics; thay API Angular/template/token bằng contract React tại spec, không giữ từng symbol 1:1."
"sdIsQbGroup","FunctionDeclaration","components/query-builder","components/query-builder/src/query-builder.model.ts","112","tag-v2.15-source-identical","tag-v2.13-source-identical","tag-v2.15-source-identical","D03","P2","Tham khảo semantics; thay API Angular/template/token bằng contract React tại spec, không giữ từng symbol 1:1."
"sdQbAllowedOperators","FunctionDeclaration","components/query-builder","components/query-builder/src/query-builder.model.ts","162","tag-v2.15-source-identical","tag-v2.13-source-identical","tag-v2.15-source-identical","D03","P2","Tham khảo semantics; thay API Angular/template/token bằng contract React tại spec, không giữ từng symbol 1:1."
"SdQbComparisonMode","TypeAliasDeclaration","components/query-builder","components/query-builder/src/query-builder.model.ts","82","tag-v2.15-source-identical","tag-v2.13-source-identical","tag-v2.15-source-identical","D03","P2","Tham khảo semantics; thay API Angular/template/token bằng contract React tại spec, không giữ từng symbol 1:1."
"SdQbDateMode","TypeAliasDeclaration","components/query-builder","components/query-builder/src/query-builder.model.ts","265","tag-v2.15-source-identical","tag-v2.13-source-identical","tag-v2.15-source-identical","D03","P2","Tham khảo semantics; thay API Angular/template/token bằng contract React tại spec, không giữ từng symbol 1:1."
"SdQbDateModeOption","InterfaceDeclaration","components/query-builder","components/query-builder/src/query-builder.model.ts","291","tag-v2.15-source-identical","tag-v2.13-source-identical","tag-v2.15-source-identical","D03","P2","Tham khảo semantics; thay API Angular/template/token bằng contract React tại spec, không giữ từng symbol 1:1."
"sdQbDefaultOperator","FunctionDeclaration","components/query-builder","components/query-builder/src/query-builder.model.ts","169","tag-v2.15-source-identical","tag-v2.13-source-identical","tag-v2.15-source-identical","D03","P2","Tham khảo semantics; thay API Angular/template/token bằng contract React tại spec, không giữ từng symbol 1:1."
"sdQbDefaultRelative","FunctionDeclaration","components/query-builder","components/query-builder/src/query-builder.model.ts","276","tag-v2.15-source-identical","tag-v2.13-source-identical","tag-v2.15-source-identical","D03","P2","Tham khảo semantics; thay API Angular/template/token bằng contract React tại spec, không giữ từng symbol 1:1."
"sdQbFieldIcon","FunctionDeclaration","components/query-builder","components/query-builder/src/query-builder.model.ts","210","tag-v2.15-source-identical","tag-v2.13-source-identical","tag-v2.15-source-identical","D03","P2","Tham khảo semantics; thay API Angular/template/token bằng contract React tại spec, không giữ từng symbol 1:1."
"SdQbGroup","InterfaceDeclaration","components/query-builder","components/query-builder/src/query-builder.model.ts","88","tag-v2.15-source-identical","tag-v2.13-source-identical","tag-v2.15-source-identical","D03","P2","Tham khảo semantics; thay API Angular/template/token bằng contract React tại spec, không giữ từng symbol 1:1."
"sdQbId","FunctionDeclaration","components/query-builder","components/query-builder/src/query-builder.model.ts","223","tag-v2.15-source-identical","tag-v2.13-source-identical","tag-v2.15-source-identical","D03","P2","Tham khảo semantics; thay API Angular/template/token bằng contract React tại spec, không giữ từng symbol 1:1."
"sdQbIsMultiOperator","FunctionDeclaration","components/query-builder","components/query-builder/src/query-builder.model.ts","183","tag-v2.15-source-identical","tag-v2.13-source-identical","tag-v2.15-source-identical","D03","P2","Tham khảo semantics; thay API Angular/template/token bằng contract React tại spec, không giữ từng symbol 1:1."
"sdQbIsNoDataOperator","FunctionDeclaration","components/query-builder","components/query-builder/src/query-builder.model.ts","178","tag-v2.15-source-identical","tag-v2.13-source-identical","tag-v2.15-source-identical","D03","P2","Tham khảo semantics; thay API Angular/template/token bằng contract React tại spec, không giữ từng symbol 1:1."
"sdQbIsRelativeDate","FirstStatement","components/query-builder","components/query-builder/src/query-builder.model.ts","268","tag-v2.15-source-identical","tag-v2.13-source-identical","tag-v2.15-source-identical","D03","P2","Tham khảo semantics; thay API Angular/template/token bằng contract React tại spec, không giữ từng symbol 1:1."
"sdQbIsToday","FunctionDeclaration","components/query-builder","components/query-builder/src/query-builder.model.ts","271","tag-v2.15-source-identical","tag-v2.13-source-identical","tag-v2.15-source-identical","D03","P2","Tham khảo semantics; thay API Angular/template/token bằng contract React tại spec, không giữ từng symbol 1:1."
"sdQbNewGroup","FunctionDeclaration","components/query-builder","components/query-builder/src/query-builder.model.ts","239","tag-v2.15-source-identical","tag-v2.13-source-identical","tag-v2.15-source-identical","D03","P2","Tham khảo semantics; thay API Angular/template/token bằng contract React tại spec, không giữ từng symbol 1:1."
"sdQbNewRule","FunctionDeclaration","components/query-builder","components/query-builder/src/query-builder.model.ts","228","tag-v2.15-source-identical","tag-v2.13-source-identical","tag-v2.15-source-identical","D03","P2","Tham khảo semantics; thay API Angular/template/token bằng contract React tại spec, không giữ từng symbol 1:1."
"SdQbNode","TypeAliasDeclaration","components/query-builder","components/query-builder/src/query-builder.model.ts","79","tag-v2.15-source-identical","tag-v2.13-source-identical","tag-v2.15-source-identical","D03","P2","Tham khảo semantics; thay API Angular/template/token bằng contract React tại spec, không giữ từng symbol 1:1."
"SdQbRelativeDirection","TypeAliasDeclaration","components/query-builder","components/query-builder/src/query-builder.model.ts","257","tag-v2.15-source-identical","tag-v2.13-source-identical","tag-v2.15-source-identical","D03","P2","Tham khảo semantics; thay API Angular/template/token bằng contract React tại spec, không giữ từng symbol 1:1."
"SdQbRelativeUnit","TypeAliasDeclaration","components/query-builder","components/query-builder/src/query-builder.model.ts","254","tag-v2.15-source-identical","tag-v2.13-source-identical","tag-v2.15-source-identical","D03","P2","Tham khảo semantics; thay API Angular/template/token bằng contract React tại spec, không giữ từng symbol 1:1."
"SdQbRelativeUnitOption","InterfaceDeclaration","components/query-builder","components/query-builder/src/query-builder.model.ts","322","tag-v2.15-source-identical","tag-v2.13-source-identical","tag-v2.15-source-identical","D03","P2","Tham khảo semantics; thay API Angular/template/token bằng contract React tại spec, không giữ từng symbol 1:1."
"SdQbRule","InterfaceDeclaration","components/query-builder","components/query-builder/src/query-builder.model.ts","98","tag-v2.15-source-identical","tag-v2.13-source-identical","tag-v2.15-source-identical","D03","P2","Tham khảo semantics; thay API Angular/template/token bằng contract React tại spec, không giữ từng symbol 1:1."
"sdQbSupportsFieldCompareOperator","FunctionDeclaration","components/query-builder","components/query-builder/src/query-builder.model.ts","188","tag-v2.15-source-identical","tag-v2.13-source-identical","tag-v2.15-source-identical","D03","P2","Tham khảo semantics; thay API Angular/template/token bằng contract React tại spec, không giữ từng symbol 1:1."
"SdQbToday","TypeAliasDeclaration","components/query-builder","components/query-builder/src/query-builder.model.ts","262","tag-v2.15-source-identical","tag-v2.13-source-identical","tag-v2.15-source-identical","D03","P2","Tham khảo semantics; thay API Angular/template/token bằng contract React tại spec, không giữ từng symbol 1:1."
"SdQbToken","InterfaceDeclaration","components/query-builder","components/query-builder/src/query-builder.model.ts","124","tag-v2.15-source-identical","tag-v2.13-source-identical","tag-v2.15-source-identical","D03","P2","Tham khảo semantics; thay API Angular/template/token bằng contract React tại spec, không giữ từng symbol 1:1."
"SdQbTokenKind","TypeAliasDeclaration","components/query-builder","components/query-builder/src/query-builder.model.ts","121","tag-v2.15-source-identical","tag-v2.13-source-identical","tag-v2.15-source-identical","D03","P2","Tham khảo semantics; thay API Angular/template/token bằng contract React tại spec, không giữ từng symbol 1:1."
"SdQbValueSource","TypeAliasDeclaration","components/query-builder","components/query-builder/src/query-builder.model.ts","85","tag-v2.15-source-identical","tag-v2.13-source-identical","tag-v2.15-source-identical","D03","P2","Tham khảo semantics; thay API Angular/template/token bằng contract React tại spec, không giữ từng symbol 1:1."
"SdQbValueSourceOption","InterfaceDeclaration","components/query-builder","components/query-builder/src/query-builder.model.ts","307","tag-v2.15-source-identical","tag-v2.13-source-identical","tag-v2.15-source-identical","D03","P2","Tham khảo semantics; thay API Angular/template/token bằng contract React tại spec, không giữ từng symbol 1:1."
"SdQueryBuilderField","InterfaceDeclaration","components/query-builder","components/query-builder/src/query-builder.model.ts","26","tag-v2.15-source-identical","tag-v2.13-source-identical","tag-v2.15-source-identical","D03","P2","Tham khảo semantics; thay API Angular/template/token bằng contract React tại spec, không giữ từng symbol 1:1."
"SdQueryBuilderFieldOption","InterfaceDeclaration","components/query-builder","components/query-builder/src/query-builder.model.ts","15","tag-v2.15-source-identical","tag-v2.13-source-identical","tag-v2.15-source-identical","D03","P2","Tham khảo semantics; thay API Angular/template/token bằng contract React tại spec, không giữ từng symbol 1:1."
"SdQueryBuilderFieldType","TypeAliasDeclaration","components/query-builder","components/query-builder/src/query-builder.model.ts","12","tag-v2.15-source-identical","tag-v2.13-source-identical","tag-v2.15-source-identical","D03","P2","Tham khảo semantics; thay API Angular/template/token bằng contract React tại spec, không giữ từng symbol 1:1."
"SdQueryBuilderOption","InterfaceDeclaration","components/query-builder","components/query-builder/src/query-builder.model.ts","55","tag-v2.15-source-identical","tag-v2.13-source-identical","tag-v2.15-source-identical","D03","P2","Tham khảo semantics; thay API Angular/template/token bằng contract React tại spec, không giữ từng symbol 1:1."
"filterToTokens","FunctionDeclaration","components/query-builder","components/query-builder/src/query-builder.serializer.ts","325","tag-v2.15-source-identical","tag-v2.13-source-identical","tag-v2.15-source-identical","D03","P2","Tham khảo semantics; thay API Angular/template/token bằng contract React tại spec, không giữ từng symbol 1:1."
"filterToTree","FunctionDeclaration","components/query-builder","components/query-builder/src/query-builder.serializer.ts","181","tag-v2.15-source-identical","tag-v2.13-source-identical","tag-v2.15-source-identical","D03","P2","Tham khảo semantics; thay API Angular/template/token bằng contract React tại spec, không giữ từng symbol 1:1."
"SdQbTranslate","TypeAliasDeclaration","components/query-builder","components/query-builder/src/query-builder.serializer.ts","26","tag-v2.15-source-identical","tag-v2.13-source-identical","tag-v2.15-source-identical","D03","P2","Tham khảo semantics; thay API Angular/template/token bằng contract React tại spec, không giữ từng symbol 1:1."
"treeToFilter","FunctionDeclaration","components/query-builder","components/query-builder/src/query-builder.serializer.ts","123","tag-v2.15-source-identical","tag-v2.13-source-identical","tag-v2.15-source-identical","D03","P2","Tham khảo semantics; thay API Angular/template/token bằng contract React tại spec, không giữ từng symbol 1:1."
"SdQuickAction","ClassDeclaration","components/quick-action","components/quick-action/src/quick-action.component.ts","3","tag-v2.15-source-identical","tag-v2.13-source-identical","tag-v2.15-source-identical","C02","P1","Tham khảo semantics; thay API Angular/template/token bằng contract React tại spec, không giữ từng symbol 1:1."
"SdSectionItem","ClassDeclaration","components/section","components/section/src/section-item/section-item.component.ts","3","tag-v2.15-source-identical","tag-v2.13-source-identical","tag-v2.15-source-identical","C05,C17","P0/P1","Tham khảo semantics; thay API Angular/template/token bằng contract React tại spec, không giữ từng symbol 1:1."
"SdSection","ClassDeclaration","components/section","components/section/src/section.component.ts","12","snapshot-modified-after-v2.15","tag-v2.13-source-identical","snapshot-modified-after-v2.15","C05,C17","P0/P1","Tham khảo semantics; thay API Angular/template/token bằng contract React tại spec, không giữ từng symbol 1:1."
"SdSideDrawer","ClassDeclaration","components/side-drawer","components/side-drawer/src/side-drawer.component.ts","38","tag-v2.15-source-identical","tag-v2.13-source-identical","tag-v2.15-source-identical","C11","P1","Tham khảo semantics; thay API Angular/template/token bằng contract React tại spec, không giữ từng symbol 1:1."
"SdSideDrawerBeforeClose","TypeAliasDeclaration","components/side-drawer","components/side-drawer/src/side-drawer.component.ts","33","tag-v2.15-source-identical","tag-v2.13-source-identical","tag-v2.15-source-identical","C11","P1","Tham khảo semantics; thay API Angular/template/token bằng contract React tại spec, không giữ từng symbol 1:1."
"SdSideDrawerContainer","TypeAliasDeclaration","components/side-drawer","components/side-drawer/src/side-drawer.component.ts","36","tag-v2.15-source-identical","not-present-in-4db0ac9","tag-v2.15-source-identical","C11","P1","Tham khảo semantics; thay API Angular/template/token bằng contract React tại spec, không giữ từng symbol 1:1."
"SdSplitterPanelComponent","ClassDeclaration","components/splitter","components/splitter/src/splitter-panel/splitter-panel.component.ts","4","tag-v2.15-source-identical","tag-v2.13-source-identical","tag-v2.15-source-identical","C13","P2","Tham khảo semantics; thay API Angular/template/token bằng contract React tại spec, không giữ từng symbol 1:1."
"SdSplitterComponent","ClassDeclaration","components/splitter","components/splitter/src/splitter.component.ts","27","tag-v2.15-source-identical","tag-v2.13-source-identical","tag-v2.15-source-identical","C13","P2","Tham khảo semantics; thay API Angular/template/token bằng contract React tại spec, không giữ từng symbol 1:1."
"SplitterLayoutState","InterfaceDeclaration","components/splitter","components/splitter/src/splitter.models.ts","12","tag-v2.15-source-identical","tag-v2.13-source-identical","tag-v2.15-source-identical","C13","P2","Tham khảo semantics; thay API Angular/template/token bằng contract React tại spec, không giữ từng symbol 1:1."
"SplitterOrientation","TypeAliasDeclaration","components/splitter","components/splitter/src/splitter.models.ts","2","tag-v2.15-source-identical","tag-v2.13-source-identical","tag-v2.15-source-identical","C13","P2","Tham khảo semantics; thay API Angular/template/token bằng contract React tại spec, không giữ từng symbol 1:1."
"SplitterPanelState","InterfaceDeclaration","components/splitter","components/splitter/src/splitter.models.ts","5","tag-v2.15-source-identical","tag-v2.13-source-identical","tag-v2.15-source-identical","C13","P2","Tham khảo semantics; thay API Angular/template/token bằng contract React tại spec, không giữ từng symbol 1:1."
"SplitterPanelUnit","TypeAliasDeclaration","components/splitter","components/splitter/src/splitter.models.ts","3","tag-v2.15-source-identical","tag-v2.13-source-identical","tag-v2.15-source-identical","C13","P2","Tham khảo semantics; thay API Angular/template/token bằng contract React tại spec, không giữ từng symbol 1:1."
"SdStep","ClassDeclaration","components/stepper","components/stepper/src/step.component.ts","6","tag-v2.15-source-identical","tag-v2.13-source-identical","tag-v2.15-source-identical","C08","P1","Tham khảo semantics; thay API Angular/template/token bằng contract React tại spec, không giữ từng symbol 1:1."
"SdStepState","TypeAliasDeclaration","components/stepper","components/stepper/src/step.component.ts","4","tag-v2.15-source-identical","tag-v2.13-source-identical","tag-v2.15-source-identical","C08","P1","Tham khảo semantics; thay API Angular/template/token bằng contract React tại spec, không giữ từng symbol 1:1."
"SdStepper","ClassDeclaration","components/stepper","components/stepper/src/stepper.component.ts","21","tag-v2.15-source-identical","tag-v2.13-source-identical","tag-v2.15-source-identical","C08","P1","Tham khảo semantics; thay API Angular/template/token bằng contract React tại spec, không giữ từng symbol 1:1."
"SdTabRouterOutletComponent","ClassDeclaration","components/tab-router","components/tab-router/src/components/tab-router-outlet/tab-router-outlet.component.ts","51","tag-v2.15-source-identical","tag-v2.13-source-identical","tag-v2.15-source-identical","EXCLUDED","router/app-state","Tab-router decorator/outlet/navigation persistence Angular và application routing; consumer router owns routes, Tabs C07 only local tabs."
"SdTabComponent","FunctionDeclaration","components/tab-router","components/tab-router/src/decorators/tab.decorator.ts","32","tag-v2.15-source-identical","tag-v2.13-source-identical","tag-v2.15-source-identical","EXCLUDED","router/app-state","Tab-router decorator/outlet/navigation persistence Angular và application routing; consumer router owns routes, Tabs C07 only local tabs."
"SdTabComponentArgs","InterfaceDeclaration","components/tab-router","components/tab-router/src/decorators/tab.decorator.ts","4","tag-v2.15-source-identical","tag-v2.13-source-identical","tag-v2.15-source-identical","EXCLUDED","router/app-state","Tab-router decorator/outlet/navigation persistence Angular và application routing; consumer router owns routes, Tabs C07 only local tabs."
"SdTabComponentBuilder","InterfaceDeclaration","components/tab-router","components/tab-router/src/decorators/tab.decorator.ts","11","tag-v2.15-source-identical","tag-v2.13-source-identical","tag-v2.15-source-identical","EXCLUDED","router/app-state","Tab-router decorator/outlet/navigation persistence Angular và application routing; consumer router owns routes, Tabs C07 only local tabs."
"SD_TAB","FirstStatement","components/tab-router","components/tab-router/src/models/tab-router.model.ts","25","tag-v2.15-source-identical","tag-v2.13-source-identical","tag-v2.15-source-identical","EXCLUDED","router/app-state","Tab-router decorator/outlet/navigation persistence Angular và application routing; consumer router owns routes, Tabs C07 only local tabs."
"SdTabInfo","InterfaceDeclaration","components/tab-router","components/tab-router/src/models/tab-router.model.ts","5","tag-v2.15-source-identical","tag-v2.13-source-identical","tag-v2.15-source-identical","EXCLUDED","router/app-state","Tab-router decorator/outlet/navigation persistence Angular và application routing; consumer router owns routes, Tabs C07 only local tabs."
"SdTabRouterTab","InterfaceDeclaration","components/tab-router","components/tab-router/src/models/tab-router.model.ts","12","tag-v2.15-source-identical","tag-v2.13-source-identical","tag-v2.15-source-identical","EXCLUDED","router/app-state","Tab-router decorator/outlet/navigation persistence Angular và application routing; consumer router owns routes, Tabs C07 only local tabs."
"SdTabRouterService","ClassDeclaration","components/tab-router","components/tab-router/src/services/tab-router.service.ts","8","tag-v2.15-source-identical","tag-v2.13-source-identical","tag-v2.15-source-identical","EXCLUDED","router/app-state","Tab-router decorator/outlet/navigation persistence Angular và application routing; consumer router owns routes, Tabs C07 only local tabs."
"SdTabClosedEvent","InterfaceDeclaration","components/tab","components/tab/src/tab-group.component.ts","23","tag-v2.15-source-identical","tag-v2.13-source-identical","tag-v2.15-source-identical","C07","P1","Tham khảo semantics; thay API Angular/template/token bằng contract React tại spec, không giữ từng symbol 1:1."
"SdTabGroup","ClassDeclaration","components/tab","components/tab/src/tab-group.component.ts","30","tag-v2.15-source-identical","tag-v2.13-source-identical","tag-v2.15-source-identical","C07","P1","Tham khảo semantics; thay API Angular/template/token bằng contract React tại spec, không giữ từng symbol 1:1."
"SdTabRegionStyle","TypeAliasDeclaration","components/tab","components/tab/src/tab-group.component.ts","28","tag-v2.15-source-identical","not-present-in-4db0ac9","tag-v2.15-source-identical","C07","P1","Tham khảo semantics; thay API Angular/template/token bằng contract React tại spec, không giữ từng symbol 1:1."
"SdTab","ClassDeclaration","components/tab","components/tab/src/tab.component.ts","5","tag-v2.15-source-identical","tag-v2.13-source-identical","tag-v2.15-source-identical","C07","P1","Tham khảo semantics; thay API Angular/template/token bằng contract React tại spec, không giữ từng symbol 1:1."
"SdTabBeforeClose","TypeAliasDeclaration","components/tab","components/tab/src/tab.component.ts","3","tag-v2.15-source-identical","tag-v2.13-source-identical","tag-v2.15-source-identical","C07","P1","Tham khảo semantics; thay API Angular/template/token bằng contract React tại spec, không giữ từng symbol 1:1."
"ISdTableConfiguration","InterfaceDeclaration","components/table","components/table/src/configurations/table.configuration.ts","7","tag-v2.15-source-identical","tag-v2.13-source-identical","tag-v2.15-source-identical","D01,D02","P2","Tham khảo semantics; thay API Angular/template/token bằng contract React tại spec, không giữ từng symbol 1:1."
"SD_TABLE_CONFIGURATION","FirstStatement","components/table","components/table/src/configurations/table.configuration.ts","49","tag-v2.15-source-identical","tag-v2.13-source-identical","tag-v2.15-source-identical","D01,D02","P2","Tham khảo semantics; thay API Angular/template/token bằng contract React tại spec, không giữ từng symbol 1:1."
"SdTableCellDefDirective","ClassDeclaration","components/table","components/table/src/directives/sd-table-cell-def.directive.ts","10","tag-v2.15-source-identical","tag-v2.13-source-identical","tag-v2.15-source-identical","D01,D02","P2","Tham khảo semantics; thay API Angular/template/token bằng contract React tại spec, không giữ từng symbol 1:1."
"SdTableCommandHeaderDefDirective","ClassDeclaration","components/table","components/table/src/directives/sd-table-command-header-def.directive.ts","20","tag-v2.15-source-identical","tag-v2.13-source-identical","tag-v2.15-source-identical","D01,D02","P2","Tham khảo semantics; thay API Angular/template/token bằng contract React tại spec, không giữ từng symbol 1:1."
"SdTableExpandDefDirective","ClassDeclaration","components/table","components/table/src/directives/sd-table-expand-def.directive.ts","8","tag-v2.15-source-identical","tag-v2.13-source-identical","tag-v2.15-source-identical","D01,D02","P2","Tham khảo semantics; thay API Angular/template/token bằng contract React tại spec, không giữ từng symbol 1:1."
"SdTableFilterDefDirective","ClassDeclaration","components/table","components/table/src/directives/sd-table-filter-def.directive.ts","7","tag-v2.15-source-identical","tag-v2.13-source-identical","tag-v2.15-source-identical","D01,D02","P2","Tham khảo semantics; thay API Angular/template/token bằng contract React tại spec, không giữ từng symbol 1:1."
"SdMaterialFooterDefDirective","ClassDeclaration","components/table","components/table/src/directives/sd-table-footer-def.directive.ts","10","tag-v2.15-source-identical","tag-v2.13-source-identical","tag-v2.15-source-identical","D01,D02","P2","Tham khảo semantics; thay API Angular/template/token bằng contract React tại spec, không giữ từng symbol 1:1."
"SdTableGroupDefContext","InterfaceDeclaration","components/table","components/table/src/directives/sd-table-group-def.directive.ts","4","tag-v2.15-source-identical","tag-v2.13-source-identical","tag-v2.15-source-identical","D01,D02","P2","Tham khảo semantics; thay API Angular/template/token bằng contract React tại spec, không giữ từng symbol 1:1."
"SdTableGroupDefDirective","ClassDeclaration","components/table","components/table/src/directives/sd-table-group-def.directive.ts","40","tag-v2.15-source-identical","tag-v2.13-source-identical","tag-v2.15-source-identical","D01,D02","P2","Tham khảo semantics; thay API Angular/template/token bằng contract React tại spec, không giữ từng symbol 1:1."
"SdTableQuickSearchRightDefDirective","ClassDeclaration","components/table","components/table/src/directives/sd-table-quick-search-right-def.directive.ts","4","tag-v2.15-source-identical","tag-v2.13-source-identical","tag-v2.15-source-identical","D01,D02","P2","Tham khảo semantics; thay API Angular/template/token bằng contract React tại spec, không giữ từng symbol 1:1."
"SdTableRowMobileDefContext","InterfaceDeclaration","components/table","components/table/src/directives/sd-table-row-mobile-def.directive.ts","5","tag-v2.15-source-identical","tag-v2.13-source-identical","tag-v2.15-source-identical","D01,D02","P2","Tham khảo semantics; thay API Angular/template/token bằng contract React tại spec, không giữ từng symbol 1:1."
"SdTableRowMobileDefDirective","ClassDeclaration","components/table","components/table/src/directives/sd-table-row-mobile-def.directive.ts","14","tag-v2.15-source-identical","tag-v2.13-source-identical","tag-v2.15-source-identical","D01,D02","P2","Tham khảo semantics; thay API Angular/template/token bằng contract React tại spec, không giữ từng symbol 1:1."
"SdTableTitleDefDirective","ClassDeclaration","components/table","components/table/src/directives/sd-table-title-def.directive.ts","8","tag-v2.15-source-identical","tag-v2.13-source-identical","tag-v2.15-source-identical","D01,D02","P2","Tham khảo semantics; thay API Angular/template/token bằng contract React tại spec, không giữ từng symbol 1:1."
"SdTableAggregateCallback","TypeAliasDeclaration","components/table","components/table/src/models/table-aggregate.model.ts","51","tag-v2.15-source-identical","not-present-in-4db0ac9","tag-v2.15-source-identical","D01,D02","P2","Tham khảo semantics; thay API Angular/template/token bằng contract React tại spec, không giữ từng symbol 1:1."
"SdTableAggregateContext","InterfaceDeclaration","components/table","components/table/src/models/table-aggregate.model.ts","19","tag-v2.15-source-identical","not-present-in-4db0ac9","tag-v2.15-source-identical","D01,D02","P2","Tham khảo semantics; thay API Angular/template/token bằng contract React tại spec, không giữ từng symbol 1:1."
"SdTableAggregateDefinition","InterfaceDeclaration","components/table","components/table/src/models/table-aggregate.model.ts","57","tag-v2.15-source-identical","not-present-in-4db0ac9","tag-v2.15-source-identical","D01,D02","P2","Tham khảo semantics; thay API Angular/template/token bằng contract React tại spec, không giữ từng symbol 1:1."
"SdTableAggregateGroup","InterfaceDeclaration","components/table","components/table/src/models/table-aggregate.model.ts","11","tag-v2.15-source-identical","not-present-in-4db0ac9","tag-v2.15-source-identical","D01,D02","P2","Tham khảo semantics; thay API Angular/template/token bằng contract React tại spec, không giữ từng symbol 1:1."
"SdTableAggregateOperation","TypeAliasDeclaration","components/table","components/table/src/models/table-aggregate.model.ts","5","tag-v2.15-source-identical","not-present-in-4db0ac9","tag-v2.15-source-identical","D01,D02","P2","Tham khảo semantics; thay API Angular/template/token bằng contract React tại spec, không giữ từng symbol 1:1."
"SdTableAggregateResult","TypeAliasDeclaration","components/table","components/table/src/models/table-aggregate.model.ts","8","tag-v2.15-source-identical","not-present-in-4db0ac9","tag-v2.15-source-identical","D01,D02","P2","Tham khảo semantics; thay API Angular/template/token bằng contract React tại spec, không giữ từng symbol 1:1."
"SdTableAggregateTemplateContext","InterfaceDeclaration","components/table","components/table/src/models/table-aggregate.model.ts","35","tag-v2.15-source-identical","not-present-in-4db0ac9","tag-v2.15-source-identical","D01,D02","P2","Tham khảo semantics; thay API Angular/template/token bằng contract React tại spec, không giữ từng symbol 1:1."
"SdTableColumnAggregate","TypeAliasDeclaration","components/table","components/table/src/models/table-aggregate.model.ts","114","tag-v2.15-source-identical","not-present-in-4db0ac9","tag-v2.15-source-identical","D01,D02","P2","Tham khảo semantics; thay API Angular/template/token bằng contract React tại spec, không giữ từng symbol 1:1."
"SdTableOptionAggregate","InterfaceDeclaration","components/table","components/table/src/models/table-aggregate.model.ts","124","tag-v2.15-source-identical","not-present-in-4db0ac9","tag-v2.15-source-identical","D01,D02","P2","Tham khảo semantics; thay API Angular/template/token bằng contract React tại spec, không giữ từng symbol 1:1."
"SdTableColumn","TypeAliasDeclaration","components/table","components/table/src/models/table-column.model.ts","8","tag-v2.15-source-identical","tag-v2.13-source-identical","tag-v2.15-source-identical","D01,D02","P2","Tham khảo semantics; thay API Angular/template/token bằng contract React tại spec, không giữ từng symbol 1:1."
"SdTableColumnAnyRow","TypeAliasDeclaration","components/table","components/table/src/models/table-column.model.ts","34","tag-v2.15-source-identical","tag-v2.13-source-identical","tag-v2.15-source-identical","D01,D02","P2","Tham khảo semantics; thay API Angular/template/token bằng contract React tại spec, không giữ từng symbol 1:1."
"SdTableColumnChildren","InterfaceDeclaration","components/table","components/table/src/models/table-column.model.ts","192","tag-v2.15-source-identical","tag-v2.13-source-identical","tag-v2.15-source-identical","D01,D02","P2","Tham khảo semantics; thay API Angular/template/token bằng contract React tại spec, không giữ từng symbol 1:1."
"SdTableColumnLazyValues","InterfaceDeclaration","components/table","components/table/src/models/table-column.model.ts","173","tag-v2.15-source-identical","tag-v2.13-source-identical","tag-v2.15-source-identical","D01,D02","P2","Tham khảo semantics; thay API Angular/template/token bằng contract React tại spec, không giữ từng symbol 1:1."
"SdTableColumnNormal","TypeAliasDeclaration","components/table","components/table/src/models/table-column.model.ts","190","tag-v2.15-source-identical","tag-v2.13-source-identical","tag-v2.15-source-identical","D01,D02","P2","Tham khảo semantics; thay API Angular/template/token bằng contract React tại spec, không giữ từng symbol 1:1."
"SdTableColumnTransformFunc","TypeAliasDeclaration","components/table","components/table/src/models/table-column.model.ts","36","tag-v2.15-source-identical","tag-v2.13-source-identical","tag-v2.15-source-identical","D01,D02","P2","Tham khảo semantics; thay API Angular/template/token bằng contract React tại spec, không giữ từng symbol 1:1."
"SdTableColumnValues","InterfaceDeclaration","components/table","components/table/src/models/table-column.model.ts","159","tag-v2.15-source-identical","tag-v2.13-source-identical","tag-v2.15-source-identical","D01,D02","P2","Tham khảo semantics; thay API Angular/template/token bằng contract React tại spec, không giữ từng symbol 1:1."
"SdTableCommand","TypeAliasDeclaration","components/table","components/table/src/models/table-command.model.ts","9","tag-v2.15-source-identical","tag-v2.13-source-identical","tag-v2.15-source-identical","D01,D02","P2","Tham khảo semantics; thay API Angular/template/token bằng contract React tại spec, không giữ từng symbol 1:1."
"SdTableCommandChildren","InterfaceDeclaration","components/table","components/table/src/models/table-command.model.ts","22","tag-v2.15-source-identical","tag-v2.13-source-identical","tag-v2.15-source-identical","D01,D02","P2","Tham khảo semantics; thay API Angular/template/token bằng contract React tại spec, không giữ từng symbol 1:1."
"SdTableCommandNormal","InterfaceDeclaration","components/table","components/table/src/models/table-command.model.ts","11","tag-v2.15-source-identical","tag-v2.13-source-identical","tag-v2.15-source-identical","D01,D02","P2","Tham khảo semantics; thay API Angular/template/token bằng contract React tại spec, không giữ từng symbol 1:1."
"SdTableCommandOption","InterfaceDeclaration","components/table","components/table/src/models/table-command.model.ts","4","tag-v2.15-source-identical","tag-v2.13-source-identical","tag-v2.15-source-identical","D01,D02","P2","Tham khảo semantics; thay API Angular/template/token bằng contract React tại spec, không giữ từng symbol 1:1."
"SdTableDisplay","InterfaceDeclaration","components/table","components/table/src/models/table-item.model.ts","38","tag-v2.15-source-identical","tag-v2.13-source-identical","tag-v2.15-source-identical","D01,D02","P2","Tham khảo semantics; thay API Angular/template/token bằng contract React tại spec, không giữ từng symbol 1:1."
"SdTableItem","InterfaceDeclaration","components/table","components/table/src/models/table-item.model.ts","100","tag-v2.15-source-identical","tag-v2.13-source-identical","tag-v2.15-source-identical","D01,D02","P2","Tham khảo semantics; thay API Angular/template/token bằng contract React tại spec, không giữ từng symbol 1:1."
"SdTableMeta","InterfaceDeclaration","components/table","components/table/src/models/table-item.model.ts","85","tag-v2.15-source-identical","tag-v2.13-source-identical","tag-v2.15-source-identical","D01,D02","P2","Tham khảo semantics; thay API Angular/template/token bằng contract React tại spec, không giữ từng symbol 1:1."
"SdTableOptionTree","TypeAliasDeclaration","components/table","components/table/src/models/table-option-tree.model.ts","27","tag-v2.15-source-identical","tag-v2.13-source-identical","tag-v2.15-source-identical","D01,D02","P2","Tham khảo semantics; thay API Angular/template/token bằng contract React tại spec, không giữ từng symbol 1:1."
"TableOptionTreeLazy","InterfaceDeclaration","components/table","components/table/src/models/table-option-tree.model.ts","76","tag-v2.15-source-identical","tag-v2.13-source-identical","tag-v2.15-source-identical","D01,D02","P2","Tham khảo semantics; thay API Angular/template/token bằng contract React tại spec, không giữ từng symbol 1:1."
"TableOptionTreeStatic","InterfaceDeclaration","components/table","components/table/src/models/table-option-tree.model.ts","38","tag-v2.15-source-identical","tag-v2.13-source-identical","tag-v2.15-source-identical","D01,D02","P2","Tham khảo semantics; thay API Angular/template/token bằng contract React tại spec, không giữ từng symbol 1:1."
"SdTableOption","TypeAliasDeclaration","components/table","components/table/src/models/table-option.model.ts","17","tag-v2.15-source-identical","tag-v2.13-source-identical","tag-v2.15-source-identical","D01,D02","P2","Tham khảo semantics; thay API Angular/template/token bằng contract React tại spec, không giữ từng symbol 1:1."
"SdConvertToPagingReq","FirstStatement","components/table","components/table/src/services/table-filter/table-filter.model.ts","98","tag-v2.15-source-identical","tag-v2.13-source-identical","tag-v2.15-source-identical","D01,D02","P2","Tham khảo semantics; thay API Angular/template/token bằng contract React tại spec, không giữ từng symbol 1:1."
"SdTableExternalFilter","TypeAliasDeclaration","components/table","components/table/src/services/table-filter/table-filter.model.ts","328","tag-v2.15-source-identical","tag-v2.13-source-identical","tag-v2.15-source-identical","D01,D02","P2","Tham khảo semantics; thay API Angular/template/token bằng contract React tại spec, không giữ từng symbol 1:1."
"SdTableFilterRequest","InterfaceDeclaration","components/table","components/table/src/services/table-filter/table-filter.model.ts","43","tag-v2.15-source-identical","tag-v2.13-source-identical","tag-v2.15-source-identical","D01,D02","P2","Tham khảo semantics; thay API Angular/template/token bằng contract React tại spec, không giữ từng symbol 1:1."
"SdTableOptionFilter","InterfaceDeclaration","components/table","components/table/src/services/table-filter/table-filter.model.ts","57","tag-v2.15-source-identical","tag-v2.13-source-identical","tag-v2.15-source-identical","D01,D02","P2","Tham khảo semantics; thay API Angular/template/token bằng contract React tại spec, không giữ từng symbol 1:1."
"SdTableQuickFilter","InterfaceDeclaration","components/table","components/table/src/services/table-filter/table-filter.model.ts","16","tag-v2.15-source-identical","tag-v2.13-source-identical","tag-v2.15-source-identical","D01,D02","P2","Tham khảo semantics; thay API Angular/template/token bằng contract React tại spec, không giữ từng symbol 1:1."
"TableFilterConfiguration","InterfaceDeclaration","components/table","components/table/src/services/table-filter/table-filter.model.ts","22","tag-v2.15-source-identical","tag-v2.13-source-identical","tag-v2.15-source-identical","D01,D02","P2","Tham khảo semantics; thay API Angular/template/token bằng contract React tại spec, không giữ từng symbol 1:1."
"TableFilterRegister","InterfaceDeclaration","components/table","components/table/src/services/table-filter/table-filter.model.ts","423","tag-v2.15-source-identical","tag-v2.13-source-identical","tag-v2.15-source-identical","D01,D02","P2","Tham khảo semantics; thay API Angular/template/token bằng contract React tại spec, không giữ từng symbol 1:1."
"TableFilterValue","InterfaceDeclaration","components/table","components/table/src/services/table-filter/table-filter.model.ts","30","tag-v2.15-source-identical","tag-v2.13-source-identical","tag-v2.15-source-identical","D01,D02","P2","Tham khảo semantics; thay API Angular/template/token bằng contract React tại spec, không giữ từng symbol 1:1."
"SdTableOptionQuickSearch","InterfaceDeclaration","components/table","components/table/src/services/table-filter/table-quick-search.model.ts","20","tag-v2.15-source-identical","tag-v2.13-source-identical","tag-v2.15-source-identical","D01,D02","P2","Tham khảo semantics; thay API Angular/template/token bằng contract React tại spec, không giữ từng symbol 1:1."
"SdTableQuickSearchFilter","TypeAliasDeclaration","components/table","components/table/src/services/table-filter/table-quick-search.model.ts","18","tag-v2.15-source-identical","tag-v2.13-source-identical","tag-v2.15-source-identical","D01,D02","P2","Tham khảo semantics; thay API Angular/template/token bằng contract React tại spec, không giữ từng symbol 1:1."
"SdTableQuickSearchFilterValue","TypeAliasDeclaration","components/table","components/table/src/services/table-filter/table-quick-search.model.ts","4","tag-v2.15-source-identical","tag-v2.13-source-identical","tag-v2.15-source-identical","D01,D02","P2","Tham khảo semantics; thay API Angular/template/token bằng contract React tại spec, không giữ từng symbol 1:1."
"SdTableQuickSearchValue","InterfaceDeclaration","components/table","components/table/src/services/table-filter/table-quick-search.model.ts","31","tag-v2.15-source-identical","tag-v2.13-source-identical","tag-v2.15-source-identical","D01,D02","P2","Tham khảo semantics; thay API Angular/template/token bằng contract React tại spec, không giữ từng symbol 1:1."
"SdTable","ClassDeclaration","components/table","components/table/src/table.component.ts","206","snapshot-modified-after-v2.15","tag-v2.13-source-identical","snapshot-modified-after-v2.15","D01,D02","P2","Tham khảo semantics; thay API Angular/template/token bằng contract React tại spec, không giữ từng symbol 1:1."
"SdTablePaginatorIntl","ClassDeclaration","components/table","components/table/src/table.component.ts","183","snapshot-modified-after-v2.15","tag-v2.13-source-identical","snapshot-modified-after-v2.15","D01,D02","P2","Tham khảo semantics; thay API Angular/template/token bằng contract React tại spec, không giữ từng symbol 1:1."
"SdTreeItemDefDirective","ClassDeclaration","components/tree","components/tree/src/tree-item-def.directive.ts","4","tag-v2.15-source-identical","tag-v2.13-source-identical","tag-v2.15-source-identical","D04","P2","Tham khảo semantics; thay API Angular/template/token bằng contract React tại spec, không giữ từng symbol 1:1."
"SdTree","ClassDeclaration","components/tree","components/tree/src/tree.component.ts","89","tag-v2.15-source-identical","tag-v2.13-source-identical","tag-v2.15-source-identical","D04","P2","Tham khảo semantics; thay API Angular/template/token bằng contract React tại spec, không giữ từng symbol 1:1."
"SdTreeAutoIdPart","TypeAliasDeclaration","components/tree","components/tree/src/tree.component.ts","42","tag-v2.15-source-identical","tag-v2.13-source-identical","tag-v2.15-source-identical","D04","P2","Tham khảo semantics; thay API Angular/template/token bằng contract React tại spec, không giữ từng symbol 1:1."
"SdTreeNodeAutoIds","InterfaceDeclaration","components/tree","components/tree/src/tree.component.ts","44","tag-v2.15-source-identical","tag-v2.13-source-identical","tag-v2.15-source-identical","D04","P2","Tham khảo semantics; thay API Angular/template/token bằng contract React tại spec, không giữ từng symbol 1:1."
"SdTreeSelectionActionView","InterfaceDeclaration","components/tree","components/tree/src/tree.component.ts","79","tag-v2.15-source-identical","tag-v2.13-source-identical","tag-v2.15-source-identical","D04","P2","Tham khảo semantics; thay API Angular/template/token bằng contract React tại spec, không giữ từng symbol 1:1."
"SdTreeViewCommand","InterfaceDeclaration","components/tree","components/tree/src/tree.component.ts","53","tag-v2.15-source-identical","tag-v2.13-source-identical","tag-v2.15-source-identical","D04","P2","Tham khảo semantics; thay API Angular/template/token bằng contract React tại spec, không giữ từng symbol 1:1."
"SdTreeViewNode","InterfaceDeclaration","components/tree","components/tree/src/tree.component.ts","65","tag-v2.15-source-identical","tag-v2.13-source-identical","tag-v2.15-source-identical","D04","P2","Tham khảo semantics; thay API Angular/template/token bằng contract React tại spec, không giữ từng symbol 1:1."
"SdTreeBaseOption","InterfaceDeclaration","components/tree","components/tree/src/tree.model.ts","51","tag-v2.15-source-identical","tag-v2.13-source-identical","tag-v2.15-source-identical","D04","P2","Tham khảo semantics; thay API Angular/template/token bằng contract React tại spec, không giữ từng symbol 1:1."
"SdTreeCommand","InterfaceDeclaration","components/tree","components/tree/src/tree.model.ts","71","tag-v2.15-source-identical","tag-v2.13-source-identical","tag-v2.15-source-identical","D04","P2","Tham khảo semantics; thay API Angular/template/token bằng contract React tại spec, không giữ từng symbol 1:1."
"SdTreeComponentOption","TypeAliasDeclaration","components/tree","components/tree/src/tree.model.ts","129","tag-v2.15-source-identical","tag-v2.13-source-identical","tag-v2.15-source-identical","D04","P2","Tham khảo semantics; thay API Angular/template/token bằng contract React tại spec, không giữ từng symbol 1:1."
"SdTreeComponentOptionBase","InterfaceDeclaration","components/tree","components/tree/src/tree.model.ts","104","tag-v2.15-source-identical","tag-v2.13-source-identical","tag-v2.15-source-identical","D04","P2","Tham khảo semantics; thay API Angular/template/token bằng contract React tại spec, không giữ từng symbol 1:1."
"SdTreeDataSource","TypeAliasDeclaration","components/tree","components/tree/src/tree.model.ts","7","tag-v2.15-source-identical","tag-v2.13-source-identical","tag-v2.15-source-identical","D04","P2","Tham khảo semantics; thay API Angular/template/token bằng contract React tại spec, không giữ từng symbol 1:1."
"SdTreeItem","TypeAliasDeclaration","components/tree","components/tree/src/tree.model.ts","13","tag-v2.15-source-identical","tag-v2.13-source-identical","tag-v2.15-source-identical","D04","P2","Tham khảo semantics; thay API Angular/template/token bằng contract React tại spec, không giữ từng symbol 1:1."
"SdTreeItemBase","InterfaceDeclaration","components/tree","components/tree/src/tree.model.ts","19","tag-v2.15-source-identical","tag-v2.13-source-identical","tag-v2.15-source-identical","D04","P2","Tham khảo semantics; thay API Angular/template/token bằng contract React tại spec, không giữ từng symbol 1:1."
"SdTreeItemByLoadType","TypeAliasDeclaration","components/tree","components/tree/src/tree.model.ts","15","tag-v2.15-source-identical","tag-v2.13-source-identical","tag-v2.15-source-identical","D04","P2","Tham khảo semantics; thay API Angular/template/token bằng contract React tại spec, không giữ từng symbol 1:1."
"SdTreeItemContext","InterfaceDeclaration","components/tree","components/tree/src/tree.model.ts","153","tag-v2.15-source-identical","tag-v2.13-source-identical","tag-v2.15-source-identical","D04","P2","Tham khảo semantics; thay API Angular/template/token bằng contract React tại spec, không giữ từng symbol 1:1."
"SdTreeItemLazy","InterfaceDeclaration","components/tree","components/tree/src/tree.model.ts","44","tag-v2.15-source-identical","tag-v2.13-source-identical","tag-v2.15-source-identical","D04","P2","Tham khảo semantics; thay API Angular/template/token bằng contract React tại spec, không giữ từng symbol 1:1."
"SdTreeItemStatic","InterfaceDeclaration","components/tree","components/tree/src/tree.model.ts","37","tag-v2.15-source-identical","tag-v2.13-source-identical","tag-v2.15-source-identical","D04","P2","Tham khảo semantics; thay API Angular/template/token bằng contract React tại spec, không giữ từng symbol 1:1."
"SdTreeItemTemplate","TypeAliasDeclaration","components/tree","components/tree/src/tree.model.ts","170","tag-v2.15-source-identical","tag-v2.13-source-identical","tag-v2.15-source-identical","D04","P2","Tham khảo semantics; thay API Angular/template/token bằng contract React tại spec, không giữ từng symbol 1:1."
"SdTreeLazyComponentOption","InterfaceDeclaration","components/tree","components/tree/src/tree.model.ts","125","tag-v2.15-source-identical","tag-v2.13-source-identical","tag-v2.15-source-identical","D04","P2","Tham khảo semantics; thay API Angular/template/token bằng contract React tại spec, không giữ từng symbol 1:1."
"SdTreeLazyOption","InterfaceDeclaration","components/tree","components/tree/src/tree.model.ts","62","tag-v2.15-source-identical","tag-v2.13-source-identical","tag-v2.15-source-identical","D04","P2","Tham khảo semantics; thay API Angular/template/token bằng contract React tại spec, không giữ từng symbol 1:1."
"SdTreeLoadErrorEvent","InterfaceDeclaration","components/tree","components/tree/src/tree.model.ts","184","tag-v2.15-source-identical","tag-v2.13-source-identical","tag-v2.15-source-identical","D04","P2","Tham khảo semantics; thay API Angular/template/token bằng contract React tại spec, không giữ từng symbol 1:1."
"SdTreeLoadType","TypeAliasDeclaration","components/tree","components/tree/src/tree.model.ts","9","tag-v2.15-source-identical","tag-v2.13-source-identical","tag-v2.15-source-identical","D04","P2","Tham khảo semantics; thay API Angular/template/token bằng contract React tại spec, không giữ từng symbol 1:1."
"SdTreeNode","InterfaceDeclaration","components/tree","components/tree/src/tree.model.ts","131","tag-v2.15-source-identical","tag-v2.13-source-identical","tag-v2.15-source-identical","D04","P2","Tham khảo semantics; thay API Angular/template/token bằng contract React tại spec, không giữ từng symbol 1:1."
"SdTreeOption","TypeAliasDeclaration","components/tree","components/tree/src/tree.model.ts","11","tag-v2.15-source-identical","tag-v2.13-source-identical","tag-v2.15-source-identical","D04","P2","Tham khảo semantics; thay API Angular/template/token bằng contract React tại spec, không giữ từng symbol 1:1."
"SdTreeSelectionAction","InterfaceDeclaration","components/tree","components/tree/src/tree.model.ts","93","tag-v2.15-source-identical","tag-v2.13-source-identical","tag-v2.15-source-identical","D04","P2","Tham khảo semantics; thay API Angular/template/token bằng contract React tại spec, không giữ từng symbol 1:1."
"SdTreeSelectionEvent","InterfaceDeclaration","components/tree","components/tree/src/tree.model.ts","172","tag-v2.15-source-identical","tag-v2.13-source-identical","tag-v2.15-source-identical","D04","P2","Tham khảo semantics; thay API Angular/template/token bằng contract React tại spec, không giữ từng symbol 1:1."
"SdTreeSelectorOption","InterfaceDeclaration","components/tree","components/tree/src/tree.model.ts","82","tag-v2.15-source-identical","tag-v2.13-source-identical","tag-v2.15-source-identical","D04","P2","Tham khảo semantics; thay API Angular/template/token bằng contract React tại spec, không giữ từng symbol 1:1."
"SdTreeStaticComponentOption","InterfaceDeclaration","components/tree","components/tree/src/tree.model.ts","120","tag-v2.15-source-identical","tag-v2.13-source-identical","tag-v2.15-source-identical","D04","P2","Tham khảo semantics; thay API Angular/template/token bằng contract React tại spec, không giữ từng symbol 1:1."
"SdTreeStaticOption","InterfaceDeclaration","components/tree","components/tree/src/tree.model.ts","56","tag-v2.15-source-identical","tag-v2.13-source-identical","tag-v2.15-source-identical","D04","P2","Tham khảo semantics; thay API Angular/template/token bằng contract React tại spec, không giữ từng symbol 1:1."
"SdTreeToggleEvent","InterfaceDeclaration","components/tree","components/tree/src/tree.model.ts","178","tag-v2.15-source-identical","tag-v2.13-source-identical","tag-v2.15-source-identical","D04","P2","Tham khảo semantics; thay API Angular/template/token bằng contract React tại spec, không giữ từng symbol 1:1."
"ISdUploadFileConfiguration","InterfaceDeclaration","components/upload-file","components/upload-file/src/configurations/upload-file.configuration.ts","17","tag-v2.15-source-identical","tag-v2.13-source-identical","tag-v2.15-source-identical","U01","P2","Tham khảo semantics; thay API Angular/template/token bằng contract React tại spec, không giữ từng symbol 1:1."
"SD_UPLOAD_FILE_CONFIGURATION","FirstStatement","components/upload-file","components/upload-file/src/configurations/upload-file.configuration.ts","38","tag-v2.15-source-identical","tag-v2.13-source-identical","tag-v2.15-source-identical","U01","P2","Tham khảo semantics; thay API Angular/template/token bằng contract React tại spec, không giữ từng symbol 1:1."
"SdUploadFileDetail","InterfaceDeclaration","components/upload-file","components/upload-file/src/configurations/upload-file.configuration.ts","49","tag-v2.15-source-identical","tag-v2.13-source-identical","tag-v2.15-source-identical","U01","P2","Tham khảo semantics; thay API Angular/template/token bằng contract React tại spec, không giữ từng symbol 1:1."
"SdUploadFileFuncDetails","TypeAliasDeclaration","components/upload-file","components/upload-file/src/configurations/upload-file.configuration.ts","44","tag-v2.15-source-identical","tag-v2.13-source-identical","tag-v2.15-source-identical","U01","P2","Tham khảo semantics; thay API Angular/template/token bằng contract React tại spec, không giữ từng symbol 1:1."
"SdUploadFileFuncDownload","TypeAliasDeclaration","components/upload-file","components/upload-file/src/configurations/upload-file.configuration.ts","47","tag-v2.15-source-identical","tag-v2.13-source-identical","tag-v2.15-source-identical","U01","P2","Tham khảo semantics; thay API Angular/template/token bằng contract React tại spec, không giữ từng symbol 1:1."
"SdUploadFileFuncUpload","TypeAliasDeclaration","components/upload-file","components/upload-file/src/configurations/upload-file.configuration.ts","41","tag-v2.15-source-identical","tag-v2.13-source-identical","tag-v2.15-source-identical","U01","P2","Tham khảo semantics; thay API Angular/template/token bằng contract React tại spec, không giữ từng symbol 1:1."
"SdUploadFile","ClassDeclaration","components/upload-file","components/upload-file/src/upload-file.component.ts","47","snapshot-modified-after-v2.15","tag-v2.13-source-identical","snapshot-modified-after-v2.15","U01","P2","Tham khảo semantics; thay API Angular/template/token bằng contract React tại spec, không giữ từng symbol 1:1."
"SdView","ClassDeclaration","components/view","components/view/src/view.component.ts","16","tag-v2.15-source-identical","tag-v2.13-source-identical","tag-v2.15-source-identical","C15","P1","Tham khảo semantics; thay API Angular/template/token bằng contract React tại spec, không giữ từng symbol 1:1."
"ISdCoreConfiguration","InterfaceDeclaration","configurations/src","configurations/src/sd-core.configuration.ts","4","tag-v2.15-source-identical","tag-v2.13-source-identical","tag-v2.15-source-identical","S01","presentation-only","Tham khảo semantics; thay API Angular/template/token bằng contract React tại spec, không giữ từng symbol 1:1."
"SD_CORE_CONFIGURATION","FirstStatement","configurations/src","configurations/src/sd-core.configuration.ts","15","tag-v2.15-source-identical","tag-v2.13-source-identical","tag-v2.15-source-identical","S01","presentation-only","Tham khảo semantics; thay API Angular/template/token bằng contract React tại spec, không giữ từng symbol 1:1."
"SdDesktopDirective","ClassDeclaration","directives/src","directives/src/sd-desktop.directive.ts","4","tag-v2.15-source-identical","tag-v2.13-source-identical","tag-v2.15-source-identical","C06,C12,S08,S10","hooks-CSS-components","Tham khảo semantics; thay API Angular/template/token bằng contract React tại spec, không giữ từng symbol 1:1."
"SdHoverCopyDirective","ClassDeclaration","directives/src","directives/src/sd-hover-copy.directive.ts","8","snapshot-modified-after-v2.15","tag-v2.13-source-identical","snapshot-modified-after-v2.15","C06,C12,S08,S10","hooks-CSS-components","Tham khảo semantics; thay API Angular/template/token bằng contract React tại spec, không giữ từng symbol 1:1."
"SdHrefDirective","ClassDeclaration","directives/src","directives/src/sd-href.directive.ts","5","tag-v2.15-source-identical","tag-v2.13-source-identical","tag-v2.15-source-identical","C06,C12,S08,S10","hooks-CSS-components","Tham khảo semantics; thay API Angular/template/token bằng contract React tại spec, không giữ từng symbol 1:1."
"SdMobileDirective","ClassDeclaration","directives/src","directives/src/sd-mobile.directive.ts","4","tag-v2.15-source-identical","tag-v2.13-source-identical","tag-v2.15-source-identical","C06,C12,S08,S10","hooks-CSS-components","Tham khảo semantics; thay API Angular/template/token bằng contract React tại spec, không giữ từng symbol 1:1."
"SdScrollDirective","ClassDeclaration","directives/src","directives/src/sd-scroll.directive.ts","3","tag-v2.15-source-identical","tag-v2.13-source-identical","tag-v2.15-source-identical","C06,C12,S08,S10","hooks-CSS-components","Tham khảo semantics; thay API Angular/template/token bằng contract React tại spec, không giữ từng symbol 1:1."
"SdTooltipDirective","ClassDeclaration","directives/src","directives/src/sd-tooltip.directive.ts","92","snapshot-modified-after-v2.15","tag-v2.13-source-identical","snapshot-modified-after-v2.15","C06,C12,S08,S10","hooks-CSS-components","Tham khảo semantics; thay API Angular/template/token bằng contract React tại spec, không giữ từng symbol 1:1."
"SdAutocomplete","ClassDeclaration","forms/autocomplete","forms/autocomplete/src/autocomplete.component.ts","109","snapshot-modified-after-v2.15","tag-v2.13-source-identical","snapshot-modified-after-v2.15","F07","P1","Tham khảo semantics; thay API Angular/template/token bằng contract React tại spec, không giữ từng symbol 1:1."
"SdCheckbox","ClassDeclaration","forms/checkbox","forms/checkbox/src/checkbox.component.ts","21","tag-v2.15-source-identical","tag-v2.13-source-identical","tag-v2.15-source-identical","F05","P0","Tham khảo semantics; thay API Angular/template/token bằng contract React tại spec, không giữ từng symbol 1:1."
"SdChipCalendar","ClassDeclaration","forms/chip-calendar","forms/chip-calendar/src/chip-calendar.component.ts","71","snapshot-modified-after-v2.15","tag-v2.13-source-identical","snapshot-modified-after-v2.15","F11","P2","Tham khảo semantics; thay API Angular/template/token bằng contract React tại spec, không giữ từng symbol 1:1."
"SdChip","ClassDeclaration","forms/chip","forms/chip/src/chip.component.ts","68","snapshot-modified-after-v2.15","tag-v2.13-source-identical","snapshot-modified-after-v2.15","F08","P1","Tham khảo semantics; thay API Angular/template/token bằng contract React tại spec, không giữ từng symbol 1:1."
"SdRemovableChipPipe","ClassDeclaration","forms/chip","forms/chip/src/pipes/removable-chip.pipe.ts","2","tag-v2.15-source-identical","tag-v2.13-source-identical","tag-v2.15-source-identical","F08","P1","Tham khảo semantics; thay API Angular/template/token bằng contract React tại spec, không giữ từng symbol 1:1."
"SdDateRange","ClassDeclaration","forms/date-range","forms/date-range/src/date-range.component.ts","103","tag-v2.15-source-identical","tag-v2.13-source-identical","tag-v2.15-source-identical","F09","P1","Tham khảo semantics; thay API Angular/template/token bằng contract React tại spec, không giữ từng symbol 1:1."
"SdDateRangeValue","InterfaceDeclaration","forms/date-range","forms/date-range/src/date-range.component.ts","52","tag-v2.15-source-identical","tag-v2.13-source-identical","tag-v2.15-source-identical","F09","P1","Tham khảo semantics; thay API Angular/template/token bằng contract React tại spec, không giữ từng symbol 1:1."
"SdDate","ClassDeclaration","forms/date","forms/date/src/date.component.ts","82","snapshot-modified-after-v2.15","tag-v2.13-source-identical","snapshot-modified-after-v2.15","F09","P1","Tham khảo semantics; thay API Angular/template/token bằng contract React tại spec, không giữ từng symbol 1:1."
"SdDatetime","ClassDeclaration","forms/datetime","forms/datetime/src/datetime.component.ts","119","snapshot-modified-after-v2.15","tag-v2.13-source-identical","snapshot-modified-after-v2.15","F10","P1","Tham khảo semantics; thay API Angular/template/token bằng contract React tại spec, không giữ từng symbol 1:1."
"SdItemDefDefDirective","ClassDeclaration","forms/directives","forms/directives/src/item-def.directive.ts","8","tag-v2.15-source-identical","tag-v2.13-source-identical","tag-v2.15-source-identical","F01,F14,C15","idiomatic-replacement","Tham khảo semantics; thay API Angular/template/token bằng contract React tại spec, không giữ từng symbol 1:1."
"SdLabelDefDirective","ClassDeclaration","forms/directives","forms/directives/src/label-def.directive.ts","5","tag-v2.15-source-identical","tag-v2.13-source-identical","tag-v2.15-source-identical","F01,F14,C15","idiomatic-replacement","Tham khảo semantics; thay API Angular/template/token bằng contract React tại spec, không giữ từng symbol 1:1."
"SdSuffixDefDirective","ClassDeclaration","forms/directives","forms/directives/src/suffix-def.directive.ts","5","tag-v2.15-source-identical","tag-v2.13-source-identical","tag-v2.15-source-identical","F01,F14,C15","idiomatic-replacement","Tham khảo semantics; thay API Angular/template/token bằng contract React tại spec, không giữ từng symbol 1:1."
"SdViewDefDirective","ClassDeclaration","forms/directives","forms/directives/src/view-def.directive.ts","9","tag-v2.15-source-identical","tag-v2.13-source-identical","tag-v2.15-source-identical","F01,F14,C15","idiomatic-replacement","Tham khảo semantics; thay API Angular/template/token bằng contract React tại spec, không giữ từng symbol 1:1."
"normalizePickerKeys","FunctionDeclaration","forms/entity-picker","forms/entity-picker/src/entity-picker.component.ts","457","tag-v2.15-source-identical","tag-v2.13-source-identical","tag-v2.15-source-identical","F13","P2","Tham khảo semantics; thay API Angular/template/token bằng contract React tại spec, không giữ từng symbol 1:1."
"SdEntityPicker","ClassDeclaration","forms/entity-picker","forms/entity-picker/src/entity-picker.component.ts","107","tag-v2.15-source-identical","tag-v2.13-source-identical","tag-v2.15-source-identical","F13","P2","Tham khảo semantics; thay API Angular/template/token bằng contract React tại spec, không giữ từng symbol 1:1."
"SdEntityPickerDataProvider","InterfaceDeclaration","forms/entity-picker","forms/entity-picker/src/entity-picker.component.ts","55","tag-v2.15-source-identical","tag-v2.13-source-identical","tag-v2.15-source-identical","F13","P2","Tham khảo semantics; thay API Angular/template/token bằng contract React tại spec, không giữ từng symbol 1:1."
"SdEntityPickerDetailTemplateDirective","ClassDeclaration","forms/entity-picker","forms/entity-picker/src/entity-picker.component.ts","95","tag-v2.15-source-identical","tag-v2.13-source-identical","tag-v2.15-source-identical","F13","P2","Tham khảo semantics; thay API Angular/template/token bằng contract React tại spec, không giữ từng symbol 1:1."
"SdEntityPickerModel","TypeAliasDeclaration","forms/entity-picker","forms/entity-picker/src/entity-picker.component.ts","39","tag-v2.15-source-identical","tag-v2.13-source-identical","tag-v2.15-source-identical","F13","P2","Tham khảo semantics; thay API Angular/template/token bằng contract React tại spec, không giữ từng symbol 1:1."
"SdEntityPickerPage","InterfaceDeclaration","forms/entity-picker","forms/entity-picker/src/entity-picker.component.ts","41","tag-v2.15-source-identical","tag-v2.13-source-identical","tag-v2.15-source-identical","F13","P2","Tham khảo semantics; thay API Angular/template/token bằng contract React tại spec, không giữ từng symbol 1:1."
"SdEntityPickerRequest","InterfaceDeclaration","forms/entity-picker","forms/entity-picker/src/entity-picker.component.ts","46","tag-v2.15-source-identical","tag-v2.13-source-identical","tag-v2.15-source-identical","F13","P2","Tham khảo semantics; thay API Angular/template/token bằng contract React tại spec, không giữ từng symbol 1:1."
"SdEntityPickerRowTemplateContext","InterfaceDeclaration","forms/entity-picker","forms/entity-picker/src/entity-picker.component.ts","66","tag-v2.15-source-identical","tag-v2.13-source-identical","tag-v2.15-source-identical","F13","P2","Tham khảo semantics; thay API Angular/template/token bằng contract React tại spec, không giữ từng symbol 1:1."
"SdEntityPickerRowTemplateDirective","ClassDeclaration","forms/entity-picker","forms/entity-picker/src/entity-picker.component.ts","83","tag-v2.15-source-identical","tag-v2.13-source-identical","tag-v2.15-source-identical","F13","P2","Tham khảo semantics; thay API Angular/template/token bằng contract React tại spec, không giữ từng symbol 1:1."
"SdEntityPickerSelectedTemplateContext","InterfaceDeclaration","forms/entity-picker","forms/entity-picker/src/entity-picker.component.ts","60","tag-v2.15-source-identical","tag-v2.13-source-identical","tag-v2.15-source-identical","F13","P2","Tham khảo semantics; thay API Angular/template/token bằng contract React tại spec, không giữ từng symbol 1:1."
"SdEntityPickerSelectedTemplateDirective","ClassDeclaration","forms/entity-picker","forms/entity-picker/src/entity-picker.component.ts","71","tag-v2.15-source-identical","tag-v2.13-source-identical","tag-v2.15-source-identical","F13","P2","Tham khảo semantics; thay API Angular/template/token bằng contract React tại spec, không giữ từng symbol 1:1."
"SdInlineText","ClassDeclaration","forms/inline-text","forms/inline-text/src/inline-text.component.ts","39","snapshot-modified-after-v2.15","tag-v2.13-source-identical","snapshot-modified-after-v2.15","F15","P1","Tham khảo semantics; thay API Angular/template/token bằng contract React tại spec, không giữ từng symbol 1:1."
"SdInlineTextChrome","TypeAliasDeclaration","forms/inline-text","forms/inline-text/src/inline-text.component.ts","23","snapshot-modified-after-v2.15","tag-v2.13-source-identical","snapshot-modified-after-v2.15","F15","P1","Tham khảo semantics; thay API Angular/template/token bằng contract React tại spec, không giữ từng symbol 1:1."
"SdInlineTextState","TypeAliasDeclaration","forms/inline-text","forms/inline-text/src/inline-text.component.ts","21","snapshot-modified-after-v2.15","tag-v2.13-source-identical","snapshot-modified-after-v2.15","F15","P1","Tham khảo semantics; thay API Angular/template/token bằng contract React tại spec, không giữ từng symbol 1:1."
"SD_INPUT_COLOR_HEX_PATTERN","FirstStatement","forms/input-color","forms/input-color/src/input-color.component.ts","12","tag-v2.15-source-identical","tag-v2.13-source-identical","tag-v2.15-source-identical","F04","P2","Tham khảo semantics; thay API Angular/template/token bằng contract React tại spec, không giữ từng symbol 1:1."
"SdInputColor","ClassDeclaration","forms/input-color","forms/input-color/src/input-color.component.ts","14","tag-v2.15-source-identical","tag-v2.13-source-identical","tag-v2.15-source-identical","F04","P2","Tham khảo semantics; thay API Angular/template/token bằng contract React tại spec, không giữ từng symbol 1:1."
"SdInputNumber","ClassDeclaration","forms/input-number","forms/input-number/src/input-number.component.ts","78","snapshot-modified-after-v2.15","tag-v2.13-source-identical","snapshot-modified-after-v2.15","F03","P1","Tham khảo semantics; thay API Angular/template/token bằng contract React tại spec, không giữ từng symbol 1:1."
"SD_INPUT_MASKS","FirstStatement","forms/input","forms/input/src/input-mask.ts","201","tag-v2.15-source-identical","tag-v2.13-source-identical","tag-v2.15-source-identical","F02","P0","Tham khảo semantics; thay API Angular/template/token bằng contract React tại spec, không giữ từng symbol 1:1."
"sdCreateInputMask","FunctionDeclaration","forms/input","forms/input/src/input-mask.ts","72","tag-v2.15-source-identical","tag-v2.13-source-identical","tag-v2.15-source-identical","F02","P0","Tham khảo semantics; thay API Angular/template/token bằng contract React tại spec, không giữ từng symbol 1:1."
"SdCreateInputMaskOptions","InterfaceDeclaration","forms/input","forms/input/src/input-mask.ts","26","tag-v2.15-source-identical","tag-v2.13-source-identical","tag-v2.15-source-identical","F02","P0","Tham khảo semantics; thay API Angular/template/token bằng contract React tại spec, không giữ từng symbol 1:1."
"SdInputMask","TypeAliasDeclaration","forms/input","forms/input/src/input-mask.ts","210","tag-v2.15-source-identical","tag-v2.13-source-identical","tag-v2.15-source-identical","F02","P0","Tham khảo semantics; thay API Angular/template/token bằng contract React tại spec, không giữ từng symbol 1:1."
"SdInputMaskAdapter","InterfaceDeclaration","forms/input","forms/input/src/input-mask.ts","13","tag-v2.15-source-identical","tag-v2.13-source-identical","tag-v2.15-source-identical","F02","P0","Tham khảo semantics; thay API Angular/template/token bằng contract React tại spec, không giữ từng symbol 1:1."
"SdInputMaskInputMode","TypeAliasDeclaration","forms/input","forms/input/src/input-mask.ts","3","tag-v2.15-source-identical","tag-v2.13-source-identical","tag-v2.15-source-identical","F02","P0","Tham khảo semantics; thay API Angular/template/token bằng contract React tại spec, không giữ từng symbol 1:1."
"SdInputMaskPreset","TypeAliasDeclaration","forms/input","forms/input/src/input-mask.ts","209","tag-v2.15-source-identical","tag-v2.13-source-identical","tag-v2.15-source-identical","F02","P0","Tham khảo semantics; thay API Angular/template/token bằng contract React tại spec, không giữ từng symbol 1:1."
"SdInputMaskResult","InterfaceDeclaration","forms/input","forms/input/src/input-mask.ts","5","tag-v2.15-source-identical","tag-v2.13-source-identical","tag-v2.15-source-identical","F02","P0","Tham khảo semantics; thay API Angular/template/token bằng contract React tại spec, không giữ từng symbol 1:1."
"SdInputMaskStatus","TypeAliasDeclaration","forms/input","forms/input/src/input-mask.ts","1","tag-v2.15-source-identical","tag-v2.13-source-identical","tag-v2.15-source-identical","F02","P0","Tham khảo semantics; thay API Angular/template/token bằng contract React tại spec, không giữ từng symbol 1:1."
"SdInputMaskToken","InterfaceDeclaration","forms/input","forms/input/src/input-mask.ts","20","tag-v2.15-source-identical","tag-v2.13-source-identical","tag-v2.15-source-identical","F02","P0","Tham khảo semantics; thay API Angular/template/token bằng contract React tại spec, không giữ từng symbol 1:1."
"sdResolveInputMask","FunctionDeclaration","forms/input","forms/input/src/input-mask.ts","212","tag-v2.15-source-identical","tag-v2.13-source-identical","tag-v2.15-source-identical","F02","P0","Tham khảo semantics; thay API Angular/template/token bằng contract React tại spec, không giữ từng symbol 1:1."
"SdInput","ClassDeclaration","forms/input","forms/input/src/input.component.ts","68","snapshot-modified-after-v2.15","tag-v2.13-source-identical","snapshot-modified-after-v2.15","F02","P0","Tham khảo semantics; thay API Angular/template/token bằng contract React tại spec, không giữ từng symbol 1:1."
"SdLabel","ClassDeclaration","forms/label","forms/label/src/label.component.ts","4","snapshot-modified-after-v2.15","tag-v2.13-source-identical","snapshot-modified-after-v2.15","F01","P0","Tham khảo semantics; thay API Angular/template/token bằng contract React tại spec, không giữ từng symbol 1:1."
"SdFormControlSnapshot","InterfaceDeclaration","forms/models","forms/models/src/form-control-state.ts","6","tag-v2.15-source-identical","tag-v2.13-source-identical","tag-v2.15-source-identical","F01,F14,C15","selective-types-not-port","Tham khảo semantics; thay API Angular/template/token bằng contract React tại spec, không giữ từng symbol 1:1."
"sdFormControlState","FunctionDeclaration","forms/models","forms/models/src/form-control-state.ts","27","tag-v2.15-source-identical","tag-v2.13-source-identical","tag-v2.15-source-identical","F01,F14,C15","selective-types-not-port","Tham khảo semantics; thay API Angular/template/token bằng contract React tại spec, không giữ từng symbol 1:1."
"HandleSdCustomValidator","FirstStatement","forms/models","forms/models/src/sd-custom-validator.model.ts","18","tag-v2.15-source-identical","tag-v2.13-source-identical","tag-v2.15-source-identical","F01,F14,C15","selective-types-not-port","Tham khảo semantics; thay API Angular/template/token bằng contract React tại spec, không giữ từng symbol 1:1."
"SdCustomValidator","TypeAliasDeclaration","forms/models","forms/models/src/sd-custom-validator.model.ts","3","tag-v2.15-source-identical","tag-v2.13-source-identical","tag-v2.15-source-identical","F01,F14,C15","selective-types-not-port","Tham khảo semantics; thay API Angular/template/token bằng contract React tại spec, không giữ từng symbol 1:1."
"SdInlineErrorValidator","FirstStatement","forms/models","forms/models/src/sd-custom-validator.model.ts","16","tag-v2.15-source-identical","tag-v2.13-source-identical","tag-v2.15-source-identical","F01,F14,C15","selective-types-not-port","Tham khảo semantics; thay API Angular/template/token bằng contract React tại spec, không giữ từng symbol 1:1."
"ɵsdCoerceFormGroup","FunctionDeclaration","forms/models","forms/models/src/sd-form-control-connector.ts","112","tag-v2.15-source-identical","tag-v2.13-source-identical","tag-v2.15-source-identical","EXCLUDED","Angular-internal-leaked-export","Angular connector/date adapter/timer internals không là API Nova; React lifecycle G-LIFECYCLE."
"ɵsdFormControlConnector","FunctionDeclaration","forms/models","forms/models/src/sd-form-control-connector.ts","157","tag-v2.15-source-identical","tag-v2.13-source-identical","tag-v2.15-source-identical","EXCLUDED","Angular-internal-leaked-export","Angular connector/date adapter/timer internals không là API Nova; React lifecycle G-LIFECYCLE."
"ɵSdFormControlConnector","InterfaceDeclaration","forms/models","forms/models/src/sd-form-control-connector.ts","103","tag-v2.15-source-identical","tag-v2.13-source-identical","tag-v2.15-source-identical","EXCLUDED","Angular-internal-leaked-export","Angular connector/date adapter/timer internals không là API Nova; React lifecycle G-LIFECYCLE."
"ɵSdFormControlConnectorOptions","TypeAliasDeclaration","forms/models","forms/models/src/sd-form-control-connector.ts","75","tag-v2.15-source-identical","tag-v2.13-source-identical","tag-v2.15-source-identical","EXCLUDED","Angular-internal-leaked-export","Angular connector/date adapter/timer internals không là API Nova; React lifecycle G-LIFECYCLE."
"ɵSdFormControlConnectorState","InterfaceDeclaration","forms/models","forms/models/src/sd-form-control-connector.ts","88","tag-v2.15-source-identical","tag-v2.13-source-identical","tag-v2.15-source-identical","EXCLUDED","Angular-internal-leaked-export","Angular connector/date adapter/timer internals không là API Nova; React lifecycle G-LIFECYCLE."
"ɵSdFormControlParent","TypeAliasDeclaration","forms/models","forms/models/src/sd-form-control-connector.ts","7","tag-v2.15-source-identical","tag-v2.13-source-identical","tag-v2.15-source-identical","EXCLUDED","Angular-internal-leaked-export","Angular connector/date adapter/timer internals không là API Nova; React lifecycle G-LIFECYCLE."
"SdFormControl","ClassDeclaration","forms/models","forms/models/src/sd-form-control.model.ts","4","tag-v2.15-source-identical","tag-v2.13-source-identical","tag-v2.15-source-identical","F01,F14,C15","selective-types-not-port","Tham khảo semantics; thay API Angular/template/token bằng contract React tại spec, không giữ từng symbol 1:1."
"ISdFormConfiguration","InterfaceDeclaration","forms/models","forms/models/src/sd-form.configuration.ts","4","tag-v2.15-source-identical","tag-v2.13-source-identical","tag-v2.15-source-identical","F01,F14,C15","selective-types-not-port","Tham khảo semantics; thay API Angular/template/token bằng contract React tại spec, không giữ từng symbol 1:1."
"SD_FORM_CONFIGURATION","FirstStatement","forms/models","forms/models/src/sd-form.configuration.ts","8","tag-v2.15-source-identical","tag-v2.13-source-identical","tag-v2.15-source-identical","F01,F14,C15","selective-types-not-port","Tham khảo semantics; thay API Angular/template/token bằng contract React tại spec, không giữ từng symbol 1:1."
"SdLabelPlacement","TypeAliasDeclaration","forms/models","forms/models/src/sd-label-placement.ts","14","snapshot-only-vs-v2.15","not-present-in-4db0ac9","snapshot-only-vs-v2.15","F01,F14,C15","selective-types-not-port","Tham khảo semantics; thay API Angular/template/token bằng contract React tại spec, không giữ từng symbol 1:1."
"ɵsdModelFacingControl","FunctionDeclaration","forms/models","forms/models/src/sd-model-facing-control.ts","48","tag-v2.15-source-identical","tag-v2.13-source-identical","tag-v2.15-source-identical","EXCLUDED","Angular-internal-leaked-export","Angular connector/date adapter/timer internals không là API Nova; React lifecycle G-LIFECYCLE."
"ɵSdModelFacingControl","InterfaceDeclaration","forms/models","forms/models/src/sd-model-facing-control.ts","20","tag-v2.15-source-identical","tag-v2.13-source-identical","tag-v2.15-source-identical","EXCLUDED","Angular-internal-leaked-export","Angular connector/date adapter/timer internals không là API Nova; React lifecycle G-LIFECYCLE."
"ɵSdModelFacingControlOptions","InterfaceDeclaration","forms/models","forms/models/src/sd-model-facing-control.ts","7","tag-v2.15-source-identical","tag-v2.13-source-identical","tag-v2.15-source-identical","EXCLUDED","Angular-internal-leaked-export","Angular connector/date adapter/timer internals không là API Nova; React lifecycle G-LIFECYCLE."
"SdSearch","TypeAliasDeclaration","forms/models","forms/models/src/sd-search.model.ts","7","tag-v2.15-source-identical","tag-v2.13-source-identical","tag-v2.15-source-identical","F01,F14,C15","selective-types-not-port","Tham khảo semantics; thay API Angular/template/token bằng contract React tại spec, không giữ từng symbol 1:1."
"SdSearchReq","InterfaceDeclaration","forms/models","forms/models/src/sd-search.model.ts","1","tag-v2.15-source-identical","tag-v2.13-source-identical","tag-v2.15-source-identical","F01,F14,C15","selective-types-not-port","Tham khảo semantics; thay API Angular/template/token bằng contract React tại spec, không giữ từng symbol 1:1."
"SdSelectionData","InterfaceDeclaration","forms/models","forms/models/src/sd-selection-data.model.ts","1","tag-v2.15-source-identical","tag-v2.13-source-identical","tag-v2.15-source-identical","F01,F14,C15","selective-types-not-port","Tham khảo semantics; thay API Angular/template/token bằng contract React tại spec, không giữ từng symbol 1:1."
"provideSdStrictDateFnsAdapter","FunctionDeclaration","forms/models","forms/models/src/sd-strict-date-adapter.ts","42","tag-v2.15-source-identical","tag-v2.13-source-identical","tag-v2.15-source-identical","F01,F14,C15","selective-types-not-port","Tham khảo semantics; thay API Angular/template/token bằng contract React tại spec, không giữ từng symbol 1:1."
"SdStrictDateFnsAdapter","ClassDeclaration","forms/models","forms/models/src/sd-strict-date-adapter.ts","21","tag-v2.15-source-identical","tag-v2.13-source-identical","tag-v2.15-source-identical","F01,F14,C15","selective-types-not-port","Tham khảo semantics; thay API Angular/template/token bằng contract React tại spec, không giữ từng symbol 1:1."
"SD_TEMPORAL_VALUE_TRANSFORMS","FirstStatement","forms/models","forms/models/src/sd-temporal-transform.ts","22","tag-v2.15-source-identical","tag-v2.13-source-identical","tag-v2.15-source-identical","F01,F14,C15","selective-types-not-port","Tham khảo semantics; thay API Angular/template/token bằng contract React tại spec, không giữ từng symbol 1:1."
"sdIsTemporalValueTransform","FunctionDeclaration","forms/models","forms/models/src/sd-temporal-transform.ts","24","tag-v2.15-source-identical","tag-v2.13-source-identical","tag-v2.15-source-identical","F01,F14,C15","selective-types-not-port","Tham khảo semantics; thay API Angular/template/token bằng contract React tại spec, không giữ từng symbol 1:1."
"sdLocalStartOfDay","FunctionDeclaration","forms/models","forms/models/src/sd-temporal-transform.ts","48","tag-v2.15-source-identical","tag-v2.13-source-identical","tag-v2.15-source-identical","F01,F14,C15","selective-types-not-port","Tham khảo semantics; thay API Angular/template/token bằng contract React tại spec, không giữ từng symbol 1:1."
"sdParseTransformedTemporal","FunctionDeclaration","forms/models","forms/models/src/sd-temporal-transform.ts","68","tag-v2.15-source-identical","tag-v2.13-source-identical","tag-v2.15-source-identical","F01,F14,C15","selective-types-not-port","Tham khảo semantics; thay API Angular/template/token bằng contract React tại spec, không giữ từng symbol 1:1."
"sdSerializeTemporalValue","FunctionDeclaration","forms/models","forms/models/src/sd-temporal-transform.ts","39","tag-v2.15-source-identical","tag-v2.13-source-identical","tag-v2.15-source-identical","F01,F14,C15","selective-types-not-port","Tham khảo semantics; thay API Angular/template/token bằng contract React tại spec, không giữ từng symbol 1:1."
"SdTemporalValueTransform","TypeAliasDeclaration","forms/models","forms/models/src/sd-temporal-transform.ts","9","tag-v2.15-source-identical","tag-v2.13-source-identical","tag-v2.15-source-identical","F01,F14,C15","selective-types-not-port","Tham khảo semantics; thay API Angular/template/token bằng contract React tại spec, không giữ từng symbol 1:1."
"ɵsdTimerScope","FunctionDeclaration","forms/models","forms/models/src/sd-timer-scope.ts","32","tag-v2.15-source-identical","tag-v2.13-source-identical","tag-v2.15-source-identical","EXCLUDED","Angular-internal-leaked-export","Angular connector/date adapter/timer internals không là API Nova; React lifecycle G-LIFECYCLE."
"ɵSdTimerScope","InterfaceDeclaration","forms/models","forms/models/src/sd-timer-scope.ts","9","tag-v2.15-source-identical","tag-v2.13-source-identical","tag-v2.15-source-identical","EXCLUDED","Angular-internal-leaked-export","Angular connector/date adapter/timer internals không là API Nova; React lifecycle G-LIFECYCLE."
"SdViewed","TypeAliasDeclaration","forms/models","forms/models/src/sd-viewed.ts","12","tag-v2.15-source-identical","tag-v2.13-source-identical","tag-v2.15-source-identical","F01,F14,C15","selective-types-not-port","Tham khảo semantics; thay API Angular/template/token bằng contract React tại spec, không giữ từng symbol 1:1."
"sdViewedInline","FunctionDeclaration","forms/models","forms/models/src/sd-viewed.ts","44","tag-v2.15-source-identical","tag-v2.13-source-identical","tag-v2.15-source-identical","F01,F14,C15","selective-types-not-port","Tham khảo semantics; thay API Angular/template/token bằng contract React tại spec, không giữ từng symbol 1:1."
"SdViewedInlineApi","InterfaceDeclaration","forms/models","forms/models/src/sd-viewed.ts","24","tag-v2.15-source-identical","tag-v2.13-source-identical","tag-v2.15-source-identical","F01,F14,C15","selective-types-not-port","Tham khảo semantics; thay API Angular/template/token bằng contract React tại spec, không giữ từng symbol 1:1."
"SdViewedInput","TypeAliasDeclaration","forms/models","forms/models/src/sd-viewed.ts","13","tag-v2.15-source-identical","tag-v2.13-source-identical","tag-v2.15-source-identical","F01,F14,C15","selective-types-not-port","Tham khảo semantics; thay API Angular/template/token bằng contract React tại spec, không giữ từng symbol 1:1."
"sdViewedTransform","FunctionDeclaration","forms/models","forms/models/src/sd-viewed.ts","20","tag-v2.15-source-identical","tag-v2.13-source-identical","tag-v2.15-source-identical","F01,F14,C15","selective-types-not-port","Tham khảo semantics; thay API Angular/template/token bằng contract React tại spec, không giữ từng symbol 1:1."
"SdRadio","ClassDeclaration","forms/radio","forms/radio/src/radio.component.ts","44","tag-v2.15-source-identical","tag-v2.13-source-identical","tag-v2.15-source-identical","F06","P0","Tham khảo semantics; thay API Angular/template/token bằng contract React tại spec, không giữ từng symbol 1:1."
"SdSegmentedComponent","ClassDeclaration","forms/segmented","forms/segmented/src/segmented.component.ts","50","snapshot-only-vs-v2.15","not-present-in-4db0ac9","snapshot-only-vs-v2.15","F16","P1","Tham khảo semantics; thay API Angular/template/token bằng contract React tại spec, không giữ từng symbol 1:1."
"SdSegmentedItemTemplateDirective","ClassDeclaration","forms/segmented","forms/segmented/src/segmented.component.ts","36","snapshot-only-vs-v2.15","not-present-in-4db0ac9","snapshot-only-vs-v2.15","F16","P1","Tham khảo semantics; thay API Angular/template/token bằng contract React tại spec, không giữ từng symbol 1:1."
"SdSegmentedItem","InterfaceDeclaration","forms/segmented","forms/segmented/src/segmented.model.ts","8","snapshot-only-vs-v2.15","not-present-in-4db0ac9","snapshot-only-vs-v2.15","F16","P1","Tham khảo semantics; thay API Angular/template/token bằng contract React tại spec, không giữ từng symbol 1:1."
"SdSegmentedItemTemplateContext","InterfaceDeclaration","forms/segmented","forms/segmented/src/segmented.model.ts","28","snapshot-only-vs-v2.15","not-present-in-4db0ac9","snapshot-only-vs-v2.15","F16","P1","Tham khảo semantics; thay API Angular/template/token bằng contract React tại spec, không giữ từng symbol 1:1."
"SdSegmentedModel","TypeAliasDeclaration","forms/segmented","forms/segmented/src/segmented.model.ts","4","snapshot-only-vs-v2.15","not-present-in-4db0ac9","snapshot-only-vs-v2.15","F16","P1","Tham khảo semantics; thay API Angular/template/token bằng contract React tại spec, không giữ từng symbol 1:1."
"SdSegmentedOption","InterfaceDeclaration","forms/segmented","forms/segmented/src/segmented.model.ts","19","snapshot-only-vs-v2.15","not-present-in-4db0ac9","snapshot-only-vs-v2.15","F16","P1","Tham khảo semantics; thay API Angular/template/token bằng contract React tại spec, không giữ từng symbol 1:1."
"SdSegmentedType","TypeAliasDeclaration","forms/segmented","forms/segmented/src/segmented.model.ts","6","snapshot-only-vs-v2.15","not-present-in-4db0ac9","snapshot-only-vs-v2.15","F16","P1","Tham khảo semantics; thay API Angular/template/token bằng contract React tại spec, không giữ từng symbol 1:1."
"SdSegmentedValue","TypeAliasDeclaration","forms/segmented","forms/segmented/src/segmented.model.ts","3","snapshot-only-vs-v2.15","not-present-in-4db0ac9","snapshot-only-vs-v2.15","F16","P1","Tham khảo semantics; thay API Angular/template/token bằng contract React tại spec, không giữ từng symbol 1:1."
"SdSelectFooterActionContext","InterfaceDeclaration","forms/select","forms/select/src/select-footer-action.directive.ts","3","tag-v2.15-source-identical","tag-v2.13-source-identical","tag-v2.15-source-identical","F07","P1","Tham khảo semantics; thay API Angular/template/token bằng contract React tại spec, không giữ từng symbol 1:1."
"SdSelectFooterActionDirective","ClassDeclaration","forms/select","forms/select/src/select-footer-action.directive.ts","12","tag-v2.15-source-identical","tag-v2.13-source-identical","tag-v2.15-source-identical","F07","P1","Tham khảo semantics; thay API Angular/template/token bằng contract React tại spec, không giữ từng symbol 1:1."
"SdSelectFooterActionWhen","TypeAliasDeclaration","forms/select","forms/select/src/select-footer-action.directive.ts","10","tag-v2.15-source-identical","tag-v2.13-source-identical","tag-v2.15-source-identical","F07","P1","Tham khảo semantics; thay API Angular/template/token bằng contract React tại spec, không giữ từng symbol 1:1."
"SdSelectFooterActionWhenFn","TypeAliasDeclaration","forms/select","forms/select/src/select-footer-action.directive.ts","9","tag-v2.15-source-identical","tag-v2.13-source-identical","tag-v2.15-source-identical","F07","P1","Tham khảo semantics; thay API Angular/template/token bằng contract React tại spec, không giữ từng symbol 1:1."
"SdSelect","ClassDeclaration","forms/select","forms/select/src/select.component.ts","113","snapshot-modified-after-v2.15","tag-v2.13-source-identical","snapshot-modified-after-v2.15","F07","P1","Tham khảo semantics; thay API Angular/template/token bằng contract React tại spec, không giữ từng symbol 1:1."
"SdFormsModule","ClassDeclaration","forms/src","forms/src/forms.module.ts","75","snapshot-modified-after-v2.15","tag-v2.13-source-identical","snapshot-modified-after-v2.15","EXCLUDED","Angular-module","FormsModule Angular không có React equivalent registration; import components trực tiếp."
"SdSwitch","ClassDeclaration","forms/switch","forms/switch/src/switch.component.ts","35","tag-v2.15-source-identical","tag-v2.13-source-identical","tag-v2.15-source-identical","F05","P0","Tham khảo semantics; thay API Angular/template/token bằng contract React tại spec, không giữ từng symbol 1:1."
"SdTextarea","ClassDeclaration","forms/textarea","forms/textarea/src/textarea.component.ts","52","snapshot-modified-after-v2.15","tag-v2.13-source-identical","snapshot-modified-after-v2.15","F02","P0","Tham khảo semantics; thay API Angular/template/token bằng contract React tại spec, không giữ từng symbol 1:1."
"sdNormalizeTimeRange","FunctionDeclaration","forms/time-range","forms/time-range/src/time-range-value.ts","36","tag-v2.15-source-identical","tag-v2.13-source-identical","tag-v2.15-source-identical","F10","P1","Tham khảo semantics; thay API Angular/template/token bằng contract React tại spec, không giữ từng symbol 1:1."
"SdTimeRangeConstraints","InterfaceDeclaration","forms/time-range","forms/time-range/src/time-range-value.ts","8","tag-v2.15-source-identical","tag-v2.13-source-identical","tag-v2.15-source-identical","F10","P1","Tham khảo semantics; thay API Angular/template/token bằng contract React tại spec, không giữ từng symbol 1:1."
"SdTimeRangeValidationError","TypeAliasDeclaration","forms/time-range","forms/time-range/src/time-range-value.ts","13","tag-v2.15-source-identical","tag-v2.13-source-identical","tag-v2.15-source-identical","F10","P1","Tham khảo semantics; thay API Angular/template/token bằng contract React tại spec, không giữ từng symbol 1:1."
"SdTimeRangeValue","InterfaceDeclaration","forms/time-range","forms/time-range/src/time-range-value.ts","3","tag-v2.15-source-identical","tag-v2.13-source-identical","tag-v2.15-source-identical","F10","P1","Tham khảo semantics; thay API Angular/template/token bằng contract React tại spec, không giữ từng symbol 1:1."
"sdValidateTimeRange","FunctionDeclaration","forms/time-range","forms/time-range/src/time-range-value.ts","45","tag-v2.15-source-identical","tag-v2.13-source-identical","tag-v2.15-source-identical","F10","P1","Tham khảo semantics; thay API Angular/template/token bằng contract React tại spec, không giữ từng symbol 1:1."
"SdTimeRange","ClassDeclaration","forms/time-range","forms/time-range/src/time-range.component.ts","52","tag-v2.15-source-identical","tag-v2.13-source-identical","tag-v2.15-source-identical","F10","P1","Tham khảo semantics; thay API Angular/template/token bằng contract React tại spec, không giữ từng symbol 1:1."
"SdTimeRangeModelValue","TypeAliasDeclaration","forms/time-range","forms/time-range/src/time-range.component.ts","40","tag-v2.15-source-identical","tag-v2.13-source-identical","tag-v2.15-source-identical","F10","P1","Tham khảo semantics; thay API Angular/template/token bằng contract React tại spec, không giữ từng symbol 1:1."
"SdDateTimePickerAdapter","ClassDeclaration","forms/time","forms/time/src/time-picker.adapter.ts","13","tag-v2.15-source-identical","tag-v2.13-source-identical","tag-v2.15-source-identical","F10","P1","Tham khảo semantics; thay API Angular/template/token bằng contract React tại spec, không giữ từng symbol 1:1."
"SdTimePickerAdapter","InterfaceDeclaration","forms/time","forms/time/src/time-picker.adapter.ts","3","tag-v2.15-source-identical","tag-v2.13-source-identical","tag-v2.15-source-identical","F10","P1","Tham khảo semantics; thay API Angular/template/token bằng contract React tại spec, không giữ từng symbol 1:1."
"sdNormalizeTime","FunctionDeclaration","forms/time","forms/time/src/time-value.ts","26","tag-v2.15-source-identical","tag-v2.13-source-identical","tag-v2.15-source-identical","F10","P1","Tham khảo semantics; thay API Angular/template/token bằng contract React tại spec, không giữ từng symbol 1:1."
"sdParseTime","FunctionDeclaration","forms/time","forms/time/src/time-value.ts","18","tag-v2.15-source-identical","tag-v2.13-source-identical","tag-v2.15-source-identical","F10","P1","Tham khảo semantics; thay API Angular/template/token bằng contract React tại spec, không giữ từng symbol 1:1."
"SdTimeConstraints","InterfaceDeclaration","forms/time","forms/time/src/time-value.ts","6","tag-v2.15-source-identical","tag-v2.13-source-identical","tag-v2.15-source-identical","F10","P1","Tham khảo semantics; thay API Angular/template/token bằng contract React tại spec, không giữ từng symbol 1:1."
"SdTimeParts","InterfaceDeclaration","forms/time","forms/time/src/time-value.ts","1","tag-v2.15-source-identical","tag-v2.13-source-identical","tag-v2.15-source-identical","F10","P1","Tham khảo semantics; thay API Angular/template/token bằng contract React tại spec, không giữ từng symbol 1:1."
"sdTimeToMinutes","FunctionDeclaration","forms/time","forms/time/src/time-value.ts","33","tag-v2.15-source-identical","tag-v2.13-source-identical","tag-v2.15-source-identical","F10","P1","Tham khảo semantics; thay API Angular/template/token bằng contract React tại spec, không giữ từng symbol 1:1."
"SdTimeValidationError","TypeAliasDeclaration","forms/time","forms/time/src/time-value.ts","13","tag-v2.15-source-identical","tag-v2.13-source-identical","tag-v2.15-source-identical","F10","P1","Tham khảo semantics; thay API Angular/template/token bằng contract React tại spec, không giữ từng symbol 1:1."
"sdValidateTime","FunctionDeclaration","forms/time","forms/time/src/time-value.ts","39","tag-v2.15-source-identical","tag-v2.13-source-identical","tag-v2.15-source-identical","F10","P1","Tham khảo semantics; thay API Angular/template/token bằng contract React tại spec, không giữ từng symbol 1:1."
"SdTime","ClassDeclaration","forms/time","forms/time/src/time.component.ts","62","tag-v2.15-source-identical","tag-v2.13-source-identical","tag-v2.15-source-identical","F10","P1","Tham khảo semantics; thay API Angular/template/token bằng contract React tại spec, không giữ từng symbol 1:1."
"SdTimeModelValue","TypeAliasDeclaration","forms/time","forms/time/src/time.component.ts","56","tag-v2.15-source-identical","tag-v2.13-source-identical","tag-v2.15-source-identical","F10","P1","Tham khảo semantics; thay API Angular/template/token bằng contract React tại spec, không giữ từng symbol 1:1."
"normalizeTreeSelectKeys","FunctionDeclaration","forms/tree-select","forms/tree-select/src/tree-select.component.ts","346","tag-v2.15-source-identical","tag-v2.13-source-identical","tag-v2.15-source-identical","F13","P2","Tham khảo semantics; thay API Angular/template/token bằng contract React tại spec, không giữ từng symbol 1:1."
"SdTreeSelect","ClassDeclaration","forms/tree-select","forms/tree-select/src/tree-select.component.ts","73","tag-v2.15-source-identical","tag-v2.13-source-identical","tag-v2.15-source-identical","F13","P2","Tham khảo semantics; thay API Angular/template/token bằng contract React tại spec, không giữ từng symbol 1:1."
"SdTreeSelectModel","TypeAliasDeclaration","forms/tree-select","forms/tree-select/src/tree-select.component.ts","57","tag-v2.15-source-identical","tag-v2.13-source-identical","tag-v2.15-source-identical","F13","P2","Tham khảo semantics; thay API Angular/template/token bằng contract React tại spec, không giữ từng symbol 1:1."
"SdTreeSelectNodeTemplateDirective","ClassDeclaration","forms/tree-select","forms/tree-select/src/tree-select.component.ts","61","tag-v2.15-source-identical","tag-v2.13-source-identical","tag-v2.15-source-identical","F13","P2","Tham khảo semantics; thay API Angular/template/token bằng contract React tại spec, không giữ từng symbol 1:1."
"SdTreeSelectTemplateContext","TypeAliasDeclaration","forms/tree-select","forms/tree-select/src/tree-select.component.ts","59","tag-v2.15-source-identical","tag-v2.13-source-identical","tag-v2.15-source-identical","F13","P2","Tham khảo semantics; thay API Angular/template/token bằng contract React tại spec, không giữ từng symbol 1:1."
"SdGlobalErrorHandler","ClassDeclaration","handlers/global-error.handler.ts","handlers/global-error.handler.ts","7","tag-v2.15-source-identical","tag-v2.13-source-identical","tag-v2.15-source-identical","EXCLUDED","app-error-reporting","Global exception handlers/reporting integration thuộc app ErrorBoundary/observability, no framework global handler."
"I18N_MESSAGES","FirstStatement","i18n/src","i18n/src/i18n.messages.ts","8","tag-v2.15-source-identical","tag-v2.13-source-identical","tag-v2.15-source-identical","S01,S02","typed-catalog-Intl","Tham khảo semantics; thay API Angular/template/token bằng contract React tại spec, không giữ từng symbol 1:1."
"SdTranslatePipe","ClassDeclaration","i18n/src","i18n/src/i18n.pipe.ts","8","tag-v2.15-source-identical","tag-v2.13-source-identical","tag-v2.15-source-identical","S01,S02","typed-catalog-Intl","Tham khảo semantics; thay API Angular/template/token bằng contract React tại spec, không giữ từng symbol 1:1."
"I18nService","ClassDeclaration","i18n/src","i18n/src/i18n.service.ts","23","snapshot-modified-after-v2.15","tag-v2.13-source-identical","snapshot-modified-after-v2.15","S01,S02","typed-catalog-Intl","Tham khảo semantics; thay API Angular/template/token bằng contract React tại spec, không giữ từng symbol 1:1."
"I18N_STORAGE_KEY","FirstStatement","i18n/src","i18n/src/i18n.token.ts","1","tag-v2.15-source-identical","tag-v2.13-source-identical","tag-v2.15-source-identical","S01,S02","typed-catalog-Intl","Tham khảo semantics; thay API Angular/template/token bằng contract React tại spec, không giữ từng symbol 1:1."
"CustomLanguageProvider","TypeAliasDeclaration","i18n/src","i18n/src/i18n.types.ts","31","tag-v2.15-source-identical","tag-v2.13-source-identical","tag-v2.15-source-identical","S01,S02","typed-catalog-Intl","Tham khảo semantics; thay API Angular/template/token bằng contract React tại spec, không giữ từng symbol 1:1."
"I18nCatalog","TypeAliasDeclaration","i18n/src","i18n/src/i18n.types.ts","18","tag-v2.15-source-identical","tag-v2.13-source-identical","tag-v2.15-source-identical","S01,S02","typed-catalog-Intl","Tham khảo semantics; thay API Angular/template/token bằng contract React tại spec, không giữ từng symbol 1:1."
"I18nKey","TypeAliasDeclaration","i18n/src","i18n/src/i18n.types.ts","3","tag-v2.15-source-identical","tag-v2.13-source-identical","tag-v2.15-source-identical","S01,S02","typed-catalog-Intl","Tham khảo semantics; thay API Angular/template/token bằng contract React tại spec, không giữ từng symbol 1:1."
"I18nParams","TypeAliasDeclaration","i18n/src","i18n/src/i18n.types.ts","4","tag-v2.15-source-identical","tag-v2.13-source-identical","tag-v2.15-source-identical","S01,S02","typed-catalog-Intl","Tham khảo semantics; thay API Angular/template/token bằng contract React tại spec, không giữ từng symbol 1:1."
"SD_NO_INTERNET_PROBE_URL","FirstStatement","interceptors/no-internet","interceptors/no-internet/no-internet.interceptor.ts","26","tag-v2.15-source-identical","tag-v2.13-source-identical","tag-v2.15-source-identical","EXCLUDED","app-network-policy","Offline HTTP interceptor retry/network behavior belongs app, Nova only DataState safe message."
"SdNoInternetInterceptor","ClassDeclaration","interceptors/no-internet","interceptors/no-internet/no-internet.interceptor.ts","31","tag-v2.15-source-identical","tag-v2.13-source-identical","tag-v2.15-source-identical","EXCLUDED","app-network-policy","Offline HTTP interceptor retry/network behavior belongs app, Nova only DataState safe message."
"SdUnauthorizedInterceptor","ClassDeclaration","interceptors/unauthorized","interceptors/unauthorized/unauthorized.interceptor.ts","7","tag-v2.15-source-identical","tag-v2.13-source-identical","tag-v2.15-source-identical","EXCLUDED","app-auth-policy","401 refresh/logout policy outside Core, no interceptor port."
"ISdAuthConfiguration","InterfaceDeclaration","modules/auth","modules/auth/configurations/auth.configuration.ts","7","snapshot-modified-after-v2.15","tag-v2.13-source-identical","snapshot-modified-after-v2.15","EXCLUDED","app-auth","Login/session/guards/layout permission không business-free UI; forms có thể compose bằng primitives."
"SD_AUTH_CONFIGURATION","FirstStatement","modules/auth","modules/auth/configurations/auth.configuration.ts","12","snapshot-modified-after-v2.15","tag-v2.13-source-identical","snapshot-modified-after-v2.15","EXCLUDED","app-auth","Login/session/guards/layout permission không business-free UI; forms có thể compose bằng primitives."
"SdAuthGuard","ClassDeclaration","modules/auth","modules/auth/guards/auth.guard.ts","5","tag-v2.15-source-identical","tag-v2.13-source-identical","tag-v2.15-source-identical","EXCLUDED","app-auth","Login/session/guards/layout permission không business-free UI; forms có thể compose bằng primitives."
"SdPortalGuard","ClassDeclaration","modules/auth","modules/auth/guards/portal.guard.ts","5","tag-v2.15-source-identical","tag-v2.13-source-identical","tag-v2.15-source-identical","EXCLUDED","app-auth","Login/session/guards/layout permission không business-free UI; forms có thể compose bằng primitives."
"SdAuthInfo","InterfaceDeclaration","modules/auth","modules/auth/services/auth.model.ts","1","tag-v2.15-source-identical","tag-v2.13-source-identical","tag-v2.15-source-identical","EXCLUDED","app-auth","Login/session/guards/layout permission không business-free UI; forms có thể compose bằng primitives."
"SdAuthService","ClassDeclaration","modules/auth","modules/auth/services/auth.service.ts","39","snapshot-modified-after-v2.15","tag-v2.13-source-identical","snapshot-modified-after-v2.15","EXCLUDED","app-auth","Login/session/guards/layout permission không business-free UI; forms có thể compose bằng primitives."
"SdIcon","ClassDeclaration","modules/icon","modules/icon/src/icon.component.ts","14","tag-v2.15-source-identical","tag-v2.13-source-identical","tag-v2.15-source-identical","S01","ReactNode-svg-no-font-registry","Tham khảo semantics; thay API Angular/template/token bằng contract React tại spec, không giữ từng symbol 1:1."
"ISdIconConfiguration","InterfaceDeclaration","modules/icon","modules/icon/src/icon.model.ts","39","snapshot-modified-after-v2.15","tag-v2.13-source-identical","snapshot-modified-after-v2.15","S01","ReactNode-svg-no-font-registry","Tham khảo semantics; thay API Angular/template/token bằng contract React tại spec, không giữ từng symbol 1:1."
"ISdIconResolvedConfiguration","TypeAliasDeclaration","modules/icon","modules/icon/src/icon.model.ts","57","snapshot-modified-after-v2.15","tag-v2.13-source-identical","snapshot-modified-after-v2.15","S01","ReactNode-svg-no-font-registry","Tham khảo semantics; thay API Angular/template/token bằng contract React tại spec, không giữ từng symbol 1:1."
"SD_DEFAULT_LUCIDE_ALIASES","FirstStatement","modules/icon","modules/icon/src/icon.model.ts","71","snapshot-modified-after-v2.15","tag-v2.13-source-identical","snapshot-modified-after-v2.15","S01","ReactNode-svg-no-font-registry","Tham khảo semantics; thay API Angular/template/token bằng contract React tại spec, không giữ từng symbol 1:1."
"SD_DEFAULT_MATERIAL_ALIASES","FirstStatement","modules/icon","modules/icon/src/icon.model.ts","205","snapshot-modified-after-v2.15","tag-v2.13-source-identical","snapshot-modified-after-v2.15","S01","ReactNode-svg-no-font-registry","Tham khảo semantics; thay API Angular/template/token bằng contract React tại spec, không giữ từng symbol 1:1."
"SD_ICON_DEFAULT_CONFIG","FirstStatement","modules/icon","modules/icon/src/icon.model.ts","311","snapshot-modified-after-v2.15","tag-v2.13-source-identical","snapshot-modified-after-v2.15","S01","ReactNode-svg-no-font-registry","Tham khảo semantics; thay API Angular/template/token bằng contract React tại spec, không giữ từng symbol 1:1."
"SD_ICON_SIZE_MAP","FirstStatement","modules/icon","modules/icon/src/icon.model.ts","62","snapshot-modified-after-v2.15","tag-v2.13-source-identical","snapshot-modified-after-v2.15","S01","ReactNode-svg-no-font-registry","Tham khảo semantics; thay API Angular/template/token bằng contract React tại spec, không giữ từng symbol 1:1."
"SdIconFontSet","TypeAliasDeclaration","modules/icon","modules/icon/src/icon.model.ts","13","snapshot-modified-after-v2.15","tag-v2.13-source-identical","snapshot-modified-after-v2.15","S01","ReactNode-svg-no-font-registry","Tham khảo semantics; thay API Angular/template/token bằng contract React tại spec, không giữ từng symbol 1:1."
"SdIconShape","TypeAliasDeclaration","modules/icon","modules/icon/src/icon.model.ts","22","snapshot-modified-after-v2.15","not-present-in-4db0ac9","snapshot-modified-after-v2.15","S01","ReactNode-svg-no-font-registry","Tham khảo semantics; thay API Angular/template/token bằng contract React tại spec, không giữ từng symbol 1:1."
"SdLucideIconRegistration","TypeAliasDeclaration","modules/icon","modules/icon/src/icon.model.ts","27","snapshot-modified-after-v2.15","tag-v2.13-source-identical","snapshot-modified-after-v2.15","S01","ReactNode-svg-no-font-registry","Tham khảo semantics; thay API Angular/template/token bằng contract React tại spec, không giữ từng symbol 1:1."
"SdLucideIconRegistrations","TypeAliasDeclaration","modules/icon","modules/icon/src/icon.model.ts","32","snapshot-modified-after-v2.15","tag-v2.13-source-identical","snapshot-modified-after-v2.15","S01","ReactNode-svg-no-font-registry","Tham khảo semantics; thay API Angular/template/token bằng contract React tại spec, không giữ từng symbol 1:1."
"normalizeSdLucideIcons","FunctionDeclaration","modules/icon","modules/icon/src/icon.provider.ts","83","snapshot-modified-after-v2.15","tag-v2.13-source-identical","snapshot-modified-after-v2.15","S01","ReactNode-svg-no-font-registry","Tham khảo semantics; thay API Angular/template/token bằng contract React tại spec, không giữ từng symbol 1:1."
"provideSdIcon","FunctionDeclaration","modules/icon","modules/icon/src/icon.provider.ts","29","snapshot-modified-after-v2.15","tag-v2.13-source-identical","snapshot-modified-after-v2.15","S01","ReactNode-svg-no-font-registry","Tham khảo semantics; thay API Angular/template/token bằng contract React tại spec, không giữ từng symbol 1:1."
"resolveSdIconConfig","FunctionDeclaration","modules/icon","modules/icon/src/icon.provider.ts","58","snapshot-modified-after-v2.15","tag-v2.13-source-identical","snapshot-modified-after-v2.15","S01","ReactNode-svg-no-font-registry","Tham khảo semantics; thay API Angular/template/token bằng contract React tại spec, không giữ từng symbol 1:1."
"SD_ICON_CONFIGURATION","FirstStatement","modules/icon","modules/icon/src/icon.provider.ts","16","snapshot-modified-after-v2.15","tag-v2.13-source-identical","snapshot-modified-after-v2.15","S01","ReactNode-svg-no-font-registry","Tham khảo semantics; thay API Angular/template/token bằng contract React tại spec, không giữ từng symbol 1:1."
"ISdKeycloakConfiguration","InterfaceDeclaration","modules/keycloak","modules/keycloak/keycloak.configuration.ts","37","tag-v2.15-source-identical","tag-v2.13-source-identical","tag-v2.15-source-identical","EXCLUDED","app-auth-provider","Keycloak-specific client/auth state outside Core; no peer Keycloak."
"SD_KEYCLOAK_CONFIGURATION","FirstStatement","modules/keycloak","modules/keycloak/keycloak.configuration.ts","41","tag-v2.15-source-identical","tag-v2.13-source-identical","tag-v2.15-source-identical","EXCLUDED","app-auth-provider","Keycloak-specific client/auth state outside Core; no peer Keycloak."
"SdKeycloakTenantConfig","InterfaceDeclaration","modules/keycloak","modules/keycloak/keycloak.configuration.ts","3","tag-v2.15-source-identical","tag-v2.13-source-identical","tag-v2.15-source-identical","EXCLUDED","app-auth-provider","Keycloak-specific client/auth state outside Core; no peer Keycloak."
"SdKeycloakInterceptor","FirstStatement","modules/keycloak","modules/keycloak/keycloak.interceptor.ts","7","tag-v2.15-source-identical","tag-v2.13-source-identical","tag-v2.15-source-identical","EXCLUDED","app-auth-provider","Keycloak-specific client/auth state outside Core; no peer Keycloak."
"provideSdKeycloak","FunctionDeclaration","modules/keycloak","modules/keycloak/keycloak.module.ts","18","tag-v2.15-source-identical","tag-v2.13-source-identical","tag-v2.15-source-identical","EXCLUDED","app-auth-provider","Keycloak-specific client/auth state outside Core; no peer Keycloak."
"SdKeycloakModule","ClassDeclaration","modules/keycloak","modules/keycloak/keycloak.module.ts","49","tag-v2.15-source-identical","tag-v2.13-source-identical","tag-v2.15-source-identical","EXCLUDED","app-auth-provider","Keycloak-specific client/auth state outside Core; no peer Keycloak."
"SdKeycloakService","ClassDeclaration","modules/keycloak","modules/keycloak/keycloak.service.ts","5","tag-v2.15-source-identical","tag-v2.13-source-identical","tag-v2.15-source-identical","EXCLUDED","app-auth-provider","Keycloak-specific client/auth state outside Core; no peer Keycloak."
"SdLayoutComponent","ClassDeclaration","modules/layout","modules/layout/components/layout-main/layout-main.component.ts","21","tag-v2.15-source-identical","tag-v2.13-source-identical","tag-v2.15-source-identical","C14,S08,S09","UI-only","Tham khảo semantics; thay API Angular/template/token bằng contract React tại spec, không giữ từng symbol 1:1."
"SdPageComponent","ClassDeclaration","modules/layout","modules/layout/components/page/page.component.ts","3","tag-v2.15-source-identical","tag-v2.13-source-identical","tag-v2.15-source-identical","C14,S08,S09","UI-only","Tham khảo semantics; thay API Angular/template/token bằng contract React tại spec, không giữ từng symbol 1:1."
"SdLayoutMenuTreeComponent","ClassDeclaration","modules/layout","modules/layout/components/shared/menu-tree/menu-tree.component.ts","28","tag-v2.15-source-identical","tag-v2.13-source-identical","tag-v2.15-source-identical","C14,S08,S09","UI-only","Tham khảo semantics; thay API Angular/template/token bằng contract React tại spec, không giữ từng symbol 1:1."
"SdLayoutUserMenuComponent","ClassDeclaration","modules/layout","modules/layout/components/shared/user-menu/user-menu.component.ts","27","tag-v2.15-source-identical","tag-v2.13-source-identical","tag-v2.15-source-identical","C14,S08,S09","UI-only","Tham khảo semantics; thay API Angular/template/token bằng contract React tại spec, không giữ từng symbol 1:1."
"SdSidebarMobileOverlay","ClassDeclaration","modules/layout","modules/layout/components/sidebar-mobile-v1/components/sidebar/sidebar.component.ts","13","tag-v2.15-source-identical","tag-v2.13-source-identical","tag-v2.15-source-identical","C14,S08,S09","UI-only","Tham khảo semantics; thay API Angular/template/token bằng contract React tại spec, không giữ từng symbol 1:1."
"SdSidebarMobileV1","ClassDeclaration","modules/layout","modules/layout/components/sidebar-mobile-v1/main.component.ts","9","tag-v2.15-source-identical","tag-v2.13-source-identical","tag-v2.15-source-identical","C14,S08,S09","UI-only","Tham khảo semantics; thay API Angular/template/token bằng contract React tại spec, không giữ từng symbol 1:1."
"SdSidebarMobileV2","ClassDeclaration","modules/layout","modules/layout/components/sidebar-mobile-v2/main.component.ts","15","tag-v2.15-source-identical","tag-v2.13-source-identical","tag-v2.15-source-identical","C14,S08,S09","UI-only","Tham khảo semantics; thay API Angular/template/token bằng contract React tại spec, không giữ từng symbol 1:1."
"SdSidebarMobileV3","ClassDeclaration","modules/layout","modules/layout/components/sidebar-mobile-v3/main.component.ts","27","tag-v2.15-source-identical","tag-v2.13-source-identical","tag-v2.15-source-identical","C14,S08,S09","UI-only","Tham khảo semantics; thay API Angular/template/token bằng contract React tại spec, không giữ từng symbol 1:1."
"SdSidebarV2","ClassDeclaration","modules/layout","modules/layout/components/sidebar-v2/main.component.ts","19","tag-v2.15-source-identical","tag-v2.13-source-identical","tag-v2.15-source-identical","C14,S08,S09","UI-only","Tham khảo semantics; thay API Angular/template/token bằng contract React tại spec, không giữ từng symbol 1:1."
"SdSidebarV3","ClassDeclaration","modules/layout","modules/layout/components/sidebar-v3/main.component.ts","14","tag-v2.15-source-identical","tag-v2.13-source-identical","tag-v2.15-source-identical","C14,S08,S09","UI-only","Tham khảo semantics; thay API Angular/template/token bằng contract React tại spec, không giữ từng symbol 1:1."
"DEFAULT_LAYOUT_MOBILE_BREAKPOINT","FirstStatement","modules/layout","modules/layout/configurations/layout.configuration.ts","91","snapshot-modified-after-v2.15","tag-v2.13-source-identical","snapshot-modified-after-v2.15","C14,S08,S09","UI-only","Tham khảo semantics; thay API Angular/template/token bằng contract React tại spec, không giữ từng symbol 1:1."
"ISdLayoutConfiguration","InterfaceDeclaration","modules/layout","modules/layout/configurations/layout.configuration.ts","21","snapshot-modified-after-v2.15","tag-v2.13-source-identical","snapshot-modified-after-v2.15","C14,S08,S09","UI-only","Tham khảo semantics; thay API Angular/template/token bằng contract React tại spec, không giữ từng symbol 1:1."
"ISdSidebarConfiguration","TypeAliasDeclaration","modules/layout","modules/layout/configurations/layout.configuration.ts","103","snapshot-modified-after-v2.15","tag-v2.13-source-identical","snapshot-modified-after-v2.15","C14,S08,S09","UI-only","Tham khảo semantics; thay API Angular/template/token bằng contract React tại spec, không giữ từng symbol 1:1."
"normalizeLayoutMobileBreakpoint","FunctionDeclaration","modules/layout","modules/layout/configurations/layout.configuration.ts","164","snapshot-modified-after-v2.15","tag-v2.13-source-identical","snapshot-modified-after-v2.15","C14,S08,S09","UI-only","Tham khảo semantics; thay API Angular/template/token bằng contract React tại spec, không giữ từng symbol 1:1."
"normalizeSidebarConfiguration","FunctionDeclaration","modules/layout","modules/layout/configurations/layout.configuration.ts","187","snapshot-modified-after-v2.15","tag-v2.13-source-identical","snapshot-modified-after-v2.15","C14,S08,S09","UI-only","Tham khảo semantics; thay API Angular/template/token bằng contract React tại spec, không giữ từng symbol 1:1."
"ResolvedSidebarRecentConfiguration","InterfaceDeclaration","modules/layout","modules/layout/configurations/layout.configuration.ts","159","snapshot-modified-after-v2.15","tag-v2.13-source-identical","snapshot-modified-after-v2.15","C14,S08,S09","UI-only","Tham khảo semantics; thay API Angular/template/token bằng contract React tại spec, không giữ từng symbol 1:1."
"resolveSidebarV2Interaction","FunctionDeclaration","modules/layout","modules/layout/configurations/layout.configuration.ts","171","snapshot-modified-after-v2.15","tag-v2.13-source-identical","snapshot-modified-after-v2.15","C14,S08,S09","UI-only","Tham khảo semantics; thay API Angular/template/token bằng contract React tại spec, không giữ từng symbol 1:1."
"resolveSidebarV3Recent","FunctionDeclaration","modules/layout","modules/layout/configurations/layout.configuration.ts","175","snapshot-modified-after-v2.15","tag-v2.13-source-identical","snapshot-modified-after-v2.15","C14,S08,S09","UI-only","Tham khảo semantics; thay API Angular/template/token bằng contract React tại spec, không giữ từng symbol 1:1."
"SD_LAYOUT_CONFIGURATION","FirstStatement","modules/layout","modules/layout/configurations/layout.configuration.ts","205","snapshot-modified-after-v2.15","tag-v2.13-source-identical","snapshot-modified-after-v2.15","C14,S08,S09","UI-only","Tham khảo semantics; thay API Angular/template/token bằng contract React tại spec, không giữ từng symbol 1:1."
"SdLayoutAccountAction","TypeAliasDeclaration","modules/layout","modules/layout/configurations/layout.configuration.ts","6","snapshot-modified-after-v2.15","tag-v2.13-source-identical","snapshot-modified-after-v2.15","C14","consumer-slot-contract","User/account/notification data thuộc app; AppShell header slot nhận ReactNode, không Nova account model/service."
"SdLayoutNotificationConfiguration","InterfaceDeclaration","modules/layout","modules/layout/configurations/layout.configuration.ts","9","snapshot-modified-after-v2.15","tag-v2.13-source-identical","snapshot-modified-after-v2.15","C14","consumer-slot-contract","User/account/notification data thuộc app; AppShell header slot nhận ReactNode, không Nova account model/service."
"SdLayoutUserInfo","InterfaceDeclaration","modules/layout","modules/layout/configurations/layout.configuration.ts","58","snapshot-modified-after-v2.15","tag-v2.13-source-identical","snapshot-modified-after-v2.15","C14","consumer-slot-contract","User/account/notification data thuộc app; AppShell header slot nhận ReactNode, không Nova account model/service."
"SdLayoutUserRole","InterfaceDeclaration","modules/layout","modules/layout/configurations/layout.configuration.ts","50","snapshot-modified-after-v2.15","tag-v2.13-source-identical","snapshot-modified-after-v2.15","C14","consumer-slot-contract","User/account/notification data thuộc app; AppShell header slot nhận ReactNode, không Nova account model/service."
"SidebarConfigurationBase","InterfaceDeclaration","modules/layout","modules/layout/configurations/layout.configuration.ts","93","snapshot-modified-after-v2.15","tag-v2.13-source-identical","snapshot-modified-after-v2.15","C14,S08,S09","UI-only","Tham khảo semantics; thay API Angular/template/token bằng contract React tại spec, không giữ từng symbol 1:1."
"SidebarConfigurationV1","InterfaceDeclaration","modules/layout","modules/layout/configurations/layout.configuration.ts","105","snapshot-modified-after-v2.15","tag-v2.13-source-identical","snapshot-modified-after-v2.15","C14,S08,S09","UI-only","Tham khảo semantics; thay API Angular/template/token bằng contract React tại spec, không giữ từng symbol 1:1."
"SidebarConfigurationV2","InterfaceDeclaration","modules/layout","modules/layout/configurations/layout.configuration.ts","144","snapshot-modified-after-v2.15","tag-v2.13-source-identical","snapshot-modified-after-v2.15","C14,S08,S09","UI-only","Tham khảo semantics; thay API Angular/template/token bằng contract React tại spec, không giữ từng symbol 1:1."
"SidebarConfigurationV3","InterfaceDeclaration","modules/layout","modules/layout/configurations/layout.configuration.ts","150","snapshot-modified-after-v2.15","tag-v2.13-source-identical","snapshot-modified-after-v2.15","C14,S08,S09","UI-only","Tham khảo semantics; thay API Angular/template/token bằng contract React tại spec, không giữ từng symbol 1:1."
"SdLayoutModule","ClassDeclaration","modules/layout","modules/layout/layout.module.ts","4","tag-v2.15-source-identical","tag-v2.13-source-identical","tag-v2.15-source-identical","EXCLUDED","Angular-module-app-pages","Angular NgModule và routed Home/Forbidden/NotFound business pages không là React Core exports; app compose DataState/Section."
"ForbiddenModule","ClassDeclaration","modules/layout","modules/layout/modules/forbidden/forbidden.module.ts","6","tag-v2.15-source-identical","tag-v2.13-source-identical","tag-v2.15-source-identical","EXCLUDED","Angular-module-app-pages","Angular NgModule và routed Home/Forbidden/NotFound business pages không là React Core exports; app compose DataState/Section."
"HomeModule","ClassDeclaration","modules/layout","modules/layout/modules/home/home.module.ts","5","tag-v2.15-source-identical","tag-v2.13-source-identical","tag-v2.15-source-identical","EXCLUDED","Angular-module-app-pages","Angular NgModule và routed Home/Forbidden/NotFound business pages không là React Core exports; app compose DataState/Section."
"NotFoundModule","ClassDeclaration","modules/layout","modules/layout/modules/not-found/not-found.module.ts","6","tag-v2.15-source-identical","tag-v2.13-source-identical","tag-v2.15-source-identical","EXCLUDED","Angular-module-app-pages","Angular NgModule và routed Home/Forbidden/NotFound business pages không là React Core exports; app compose DataState/Section."
"HighlightSearchPipe","ClassDeclaration","modules/layout","modules/layout/pipes/high-light-search.pipe.ts","4","snapshot-modified-after-v2.15","tag-v2.13-source-identical","snapshot-modified-after-v2.15","C14,S08,S09","UI-only","Tham khảo semantics; thay API Angular/template/token bằng contract React tại spec, không giữ từng symbol 1:1."
"MenuFocusPipe","ClassDeclaration","modules/layout","modules/layout/pipes/menu-focus.pipe.ts","7","tag-v2.15-source-identical","tag-v2.13-source-identical","tag-v2.15-source-identical","C14,S08,S09","UI-only","Tham khảo semantics; thay API Angular/template/token bằng contract React tại spec, không giữ từng symbol 1:1."
"MenuPipe","ClassDeclaration","modules/layout","modules/layout/pipes/menu.pipe.ts","10","tag-v2.15-source-identical","tag-v2.13-source-identical","tag-v2.15-source-identical","C14,S08,S09","UI-only","Tham khảo semantics; thay API Angular/template/token bằng contract React tại spec, không giữ từng symbol 1:1."
"SD_LAYOUT_DEMO_FALLBACK","FirstStatement","modules/layout","modules/layout/services/layout.service.ts","20","snapshot-modified-after-v2.15","tag-v2.13-source-identical","snapshot-modified-after-v2.15","C14,S08,S09","UI-only","Tham khảo semantics; thay API Angular/template/token bằng contract React tại spec, không giữ từng symbol 1:1."
"SdLayoutService","ClassDeclaration","modules/layout","modules/layout/services/layout.service.ts","22","snapshot-modified-after-v2.15","tag-v2.13-source-identical","snapshot-modified-after-v2.15","C14,S08,S09","UI-only","Tham khảo semantics; thay API Angular/template/token bằng contract React tại spec, không giữ từng symbol 1:1."
"Menus","TypeAliasDeclaration","modules/layout","modules/layout/services/menu/menu.model.ts","4","tag-v2.15-source-identical","tag-v2.13-source-identical","tag-v2.15-source-identical","C14,S08,S09","UI-only","Tham khảo semantics; thay API Angular/template/token bằng contract React tại spec, không giữ từng symbol 1:1."
"SdLayoutChildrenMenu","InterfaceDeclaration","modules/layout","modules/layout/services/menu/menu.model.ts","25","tag-v2.15-source-identical","tag-v2.13-source-identical","tag-v2.15-source-identical","C14,S08,S09","UI-only","Tham khảo semantics; thay API Angular/template/token bằng contract React tại spec, không giữ từng symbol 1:1."
"SdLayoutMenu","TypeAliasDeclaration","modules/layout","modules/layout/services/menu/menu.model.ts","3","tag-v2.15-source-identical","tag-v2.13-source-identical","tag-v2.15-source-identical","C14,S08,S09","UI-only","Tham khảo semantics; thay API Angular/template/token bằng contract React tại spec, không giữ từng symbol 1:1."
"SdLayoutRootMenu","InterfaceDeclaration","modules/layout","modules/layout/services/menu/menu.model.ts","11","tag-v2.15-source-identical","tag-v2.13-source-identical","tag-v2.15-source-identical","C14,S08,S09","UI-only","Tham khảo semantics; thay API Angular/template/token bằng contract React tại spec, không giữ từng symbol 1:1."
"flattenMenuLeaves","FunctionDeclaration","modules/layout","modules/layout/services/menu/menu.utils.ts","59","tag-v2.15-source-identical","tag-v2.13-source-identical","tag-v2.15-source-identical","C14,S08,S09","UI-only","Tham khảo semantics; thay API Angular/template/token bằng contract React tại spec, không giữ từng symbol 1:1."
"getMenuStableKey","FunctionDeclaration","modules/layout","modules/layout/services/menu/menu.utils.ts","4","tag-v2.15-source-identical","tag-v2.13-source-identical","tag-v2.15-source-identical","C14,S08,S09","UI-only","Tham khảo semantics; thay API Angular/template/token bằng contract React tại spec, không giữ từng symbol 1:1."
"resolveMenuKeys","FunctionDeclaration","modules/layout","modules/layout/services/menu/menu.utils.ts","50","tag-v2.15-source-identical","tag-v2.13-source-identical","tag-v2.15-source-identical","C14,S08,S09","UI-only","Tham khảo semantics; thay API Angular/template/token bằng contract React tại spec, không giữ từng symbol 1:1."
"searchMenuLeaves","FunctionDeclaration","modules/layout","modules/layout/services/menu/menu.utils.ts","16","tag-v2.15-source-identical","tag-v2.13-source-identical","tag-v2.15-source-identical","C14,S08,S09","UI-only","Tham khảo semantics; thay API Angular/template/token bằng contract React tại spec, không giữ từng symbol 1:1."
"selectPrimaryMenuGroups","FunctionDeclaration","modules/layout","modules/layout/services/menu/menu.utils.ts","25","tag-v2.15-source-identical","tag-v2.13-source-identical","tag-v2.15-source-identical","C14,S08,S09","UI-only","Tham khảo semantics; thay API Angular/template/token bằng contract React tại spec, không giữ từng symbol 1:1."
"SdLayoutNavigationStateService","ClassDeclaration","modules/layout","modules/layout/services/navigation-state/navigation-state.service.ts","7","tag-v2.15-source-identical","tag-v2.13-source-identical","tag-v2.15-source-identical","EXCLUDED","app-navigation-state","UI shell C14 không auth/nav-state application orchestration."
"SD_LAYOUT_VIEWPORT","FirstStatement","modules/layout","modules/layout/services/responsive/responsive.service.ts","6","tag-v2.15-source-identical","tag-v2.13-source-identical","tag-v2.15-source-identical","C14,S08,S09","UI-only","Tham khảo semantics; thay API Angular/template/token bằng contract React tại spec, không giữ từng symbol 1:1."
"SdLayoutResponsiveService","ClassDeclaration","modules/layout","modules/layout/services/responsive/responsive.service.ts","9","tag-v2.15-source-identical","tag-v2.13-source-identical","tag-v2.15-source-identical","C14,S08,S09","UI-only","Tham khảo semantics; thay API Angular/template/token bằng contract React tại spec, không giữ từng symbol 1:1."
"SdLayoutViewport","TypeAliasDeclaration","modules/layout","modules/layout/services/responsive/responsive.service.ts","5","tag-v2.15-source-identical","tag-v2.13-source-identical","tag-v2.15-source-identical","C14,S08,S09","UI-only","Tham khảo semantics; thay API Angular/template/token bằng contract React tại spec, không giữ từng symbol 1:1."
"SD_LAYOUT_STORAGE_NAMESPACE","FirstStatement","modules/layout","modules/layout/services/storage/storage.service.ts","38","tag-v2.15-source-identical","tag-v2.13-source-identical","tag-v2.15-source-identical","C14,S08,S09","UI-only","Tham khảo semantics; thay API Angular/template/token bằng contract React tại spec, không giữ từng symbol 1:1."
"SdLayoutStorageNamespace","TypeAliasDeclaration","modules/layout","modules/layout/services/storage/storage.service.ts","10","tag-v2.15-source-identical","tag-v2.13-source-identical","tag-v2.15-source-identical","C14,S08,S09","UI-only","Tham khảo semantics; thay API Angular/template/token bằng contract React tại spec, không giữ từng symbol 1:1."
"SdLayoutStorageService","ClassDeclaration","modules/layout","modules/layout/services/storage/storage.service.ts","51","tag-v2.15-source-identical","tag-v2.13-source-identical","tag-v2.15-source-identical","C14,S08,S09","UI-only","Tham khảo semantics; thay API Angular/template/token bằng contract React tại spec, không giữ từng symbol 1:1."
"SdLayoutVersionState","InterfaceDeclaration","modules/layout","modules/layout/services/storage/storage.service.ts","210","tag-v2.15-source-identical","tag-v2.13-source-identical","tag-v2.15-source-identical","C14,S08,S09","UI-only","Tham khảo semantics; thay API Angular/template/token bằng contract React tại spec, không giữ từng symbol 1:1."
"collectMatchedMenuPaths","FirstStatement","modules/layout","modules/layout/utils/menu-path.util.ts","22","tag-v2.15-source-identical","tag-v2.13-source-identical","tag-v2.15-source-identical","C14,S08,S09","UI-only","Tham khảo semantics; thay API Angular/template/token bằng contract React tại spec, không giữ từng symbol 1:1."
"containsMenuPath","FirstStatement","modules/layout","modules/layout/utils/menu-path.util.ts","53","tag-v2.15-source-identical","tag-v2.13-source-identical","tag-v2.15-source-identical","C14,S08,S09","UI-only","Tham khảo semantics; thay API Angular/template/token bằng contract React tại spec, không giữ từng symbol 1:1."
"isMenuPathMatch","FirstStatement","modules/layout","modules/layout/utils/menu-path.util.ts","11","tag-v2.15-source-identical","tag-v2.13-source-identical","tag-v2.15-source-identical","C14,S08,S09","UI-only","Tham khảo semantics; thay API Angular/template/token bằng contract React tại spec, không giữ từng symbol 1:1."
"normalizeMenuPath","FirstStatement","modules/layout","modules/layout/utils/menu-path.util.ts","6","tag-v2.15-source-identical","tag-v2.13-source-identical","tag-v2.15-source-identical","C14,S08,S09","UI-only","Tham khảo semantics; thay API Angular/template/token bằng contract React tại spec, không giữ từng symbol 1:1."
"resolveActiveMenuPath","FirstStatement","modules/layout","modules/layout/utils/menu-path.util.ts","44","tag-v2.15-source-identical","tag-v2.13-source-identical","tag-v2.15-source-identical","C14,S08,S09","UI-only","Tham khảo semantics; thay API Angular/template/token bằng contract React tại spec, không giữ từng symbol 1:1."
"resolveTabName","FunctionDeclaration","modules/layout","modules/layout/utils/tab-name.util.ts","11","tag-v2.15-source-identical","tag-v2.13-source-identical","tag-v2.15-source-identical","C14,S08,S09","UI-only","Tham khảo semantics; thay API Angular/template/token bằng contract React tại spec, không giữ từng symbol 1:1."
"ISdPermissionConfiguration","InterfaceDeclaration","modules/permission","modules/permission/src/configurations/permission.configuration.ts","17","snapshot-modified-after-v2.15","tag-v2.13-source-identical","snapshot-modified-after-v2.15","EXCLUDED","server-security/app-authz","Ẩn UI không bảo đảm authorization; server/app owns permission enforcement, không Nova permission service."
"SD_PERMISSION_CONFIGURATION","FirstStatement","modules/permission","modules/permission/src/configurations/permission.configuration.ts","86","snapshot-modified-after-v2.15","tag-v2.13-source-identical","snapshot-modified-after-v2.15","EXCLUDED","server-security/app-authz","Ẩn UI không bảo đảm authorization; server/app owns permission enforcement, không Nova permission service."
"SdPermissionDirective","ClassDeclaration","modules/permission","modules/permission/src/directives/permission.directive.ts","4","tag-v2.15-source-identical","tag-v2.13-source-identical","tag-v2.15-source-identical","EXCLUDED","server-security/app-authz","Ẩn UI không bảo đảm authorization; server/app owns permission enforcement, không Nova permission service."
"SdPermissionGuard","ClassDeclaration","modules/permission","modules/permission/src/guards/permission.guard.ts","6","tag-v2.15-source-identical","tag-v2.13-source-identical","tag-v2.15-source-identical","EXCLUDED","server-security/app-authz","Ẩn UI không bảo đảm authorization; server/app owns permission enforcement, không Nova permission service."
"SD_PERMISSION_PUBLIC","FirstStatement","modules/permission","modules/permission/src/services/permission.service.ts","14","snapshot-modified-after-v2.15","tag-v2.13-source-identical","snapshot-modified-after-v2.15","EXCLUDED","server-security/app-authz","Ẩn UI không bảo đảm authorization; server/app owns permission enforcement, không Nova permission service."
"SdPermissionInput","TypeAliasDeclaration","modules/permission","modules/permission/src/services/permission.service.ts","17","snapshot-modified-after-v2.15","tag-v2.13-source-identical","snapshot-modified-after-v2.15","EXCLUDED","server-security/app-authz","Ẩn UI không bảo đảm authorization; server/app owns permission enforcement, không Nova permission service."
"SdPermissionService","ClassDeclaration","modules/permission","modules/permission/src/services/permission.service.ts","26","snapshot-modified-after-v2.15","tag-v2.13-source-identical","snapshot-modified-after-v2.15","EXCLUDED","server-security/app-authz","Ẩn UI không bảo đảm authorization; server/app owns permission enforcement, không Nova permission service."
"SdEmptyPipe","ClassDeclaration","pipes/src","pipes/src/empty.pipe.ts","3","tag-v2.15-source-identical","tag-v2.13-source-identical","tag-v2.15-source-identical","S02,C15","pure-format-no-safeHtml","Tham khảo semantics; thay API Angular/template/token bằng contract React tại spec, không giữ từng symbol 1:1."
"SdFormatDatePipe","ClassDeclaration","pipes/src","pipes/src/format-date.pipe.ts","4","tag-v2.15-source-identical","tag-v2.13-source-identical","tag-v2.15-source-identical","S02,C15","pure-format-no-safeHtml","Tham khảo semantics; thay API Angular/template/token bằng contract React tại spec, không giữ từng symbol 1:1."
"SdFormatDatetimePipe","ClassDeclaration","pipes/src","pipes/src/format-datetime.pipe.ts","4","tag-v2.15-source-identical","tag-v2.13-source-identical","tag-v2.15-source-identical","S02,C15","pure-format-no-safeHtml","Tham khảo semantics; thay API Angular/template/token bằng contract React tại spec, không giữ từng symbol 1:1."
"SdFormatNumberPipe","ClassDeclaration","pipes/src","pipes/src/format-number.pipe.ts","4","tag-v2.15-source-identical","tag-v2.13-source-identical","tag-v2.15-source-identical","S02,C15","pure-format-no-safeHtml","Tham khảo semantics; thay API Angular/template/token bằng contract React tại spec, không giữ từng symbol 1:1."
"SdSafeHtmlPipe","ClassDeclaration","pipes/src","pipes/src/safe-html.pipe.ts","27","tag-v2.15-source-identical","tag-v2.13-source-identical","tag-v2.15-source-identical","EXCLUDED","unsafe-html-trust","Không port sanitizer bypass; ReactNode và explicit sanitizer adapter X01."
"SdTimeDifferentPipe","ClassDeclaration","pipes/src","pipes/src/time-different.pipe.ts","5","tag-v2.15-source-identical","tag-v2.13-source-identical","tag-v2.15-source-identical","S02,C15","pure-format-no-safeHtml","Tham khảo semantics; thay API Angular/template/token bằng contract React tại spec, không giữ từng symbol 1:1."
"SdViewPipe","ClassDeclaration","pipes/src","pipes/src/view.pipe.ts","4","tag-v2.15-source-identical","tag-v2.13-source-identical","tag-v2.15-source-identical","S02,C15","pure-format-no-safeHtml","Tham khảo semantics; thay API Angular/template/token bằng contract React tại spec, không giữ từng symbol 1:1."
"provideSdApiConfiguration","FunctionDeclaration","services/api","services/api/src/api-handler-registry.ts","82","snapshot-only-vs-v2.15","not-present-in-4db0ac9","snapshot-only-vs-v2.15","EXCLUDED","app-data-access","REST API/auth headers/caching/dedupe/HTTP implementation belongs application data layer; Core accepts callbacks."
"SdApiHandlerRegistry","ClassDeclaration","services/api","services/api/src/api-handler-registry.ts","32","snapshot-only-vs-v2.15","not-present-in-4db0ac9","snapshot-only-vs-v2.15","EXCLUDED","app-data-access","REST API/auth headers/caching/dedupe/HTTP implementation belongs application data layer; Core accepts callbacks."
"ISdApiConfiguration","InterfaceDeclaration","services/api","services/api/src/api.model.ts","72","tag-v2.15-source-identical","tag-v2.13-source-identical","tag-v2.15-source-identical","EXCLUDED","app-data-access","REST API/auth headers/caching/dedupe/HTTP implementation belongs application data layer; Core accepts callbacks."
"SD_API_CONFIG","FirstStatement","services/api","services/api/src/api.model.ts","76","tag-v2.15-source-identical","tag-v2.13-source-identical","tag-v2.15-source-identical","EXCLUDED","app-data-access","REST API/auth headers/caching/dedupe/HTTP implementation belongs application data layer; Core accepts callbacks."
"SD_API_CONFIGURATION","FirstStatement","services/api","services/api/src/api.model.ts","79","tag-v2.15-source-identical","tag-v2.13-source-identical","tag-v2.15-source-identical","EXCLUDED","app-data-access","REST API/auth headers/caching/dedupe/HTTP implementation belongs application data layer; Core accepts callbacks."
"SdApiError","ClassDeclaration","services/api","services/api/src/api.model.ts","89","tag-v2.15-source-identical","tag-v2.13-source-identical","tag-v2.15-source-identical","EXCLUDED","app-data-access","REST API/auth headers/caching/dedupe/HTTP implementation belongs application data layer; Core accepts callbacks."
"SdApiHandler","InterfaceDeclaration","services/api","services/api/src/api.model.ts","57","tag-v2.15-source-identical","tag-v2.13-source-identical","tag-v2.15-source-identical","EXCLUDED","app-data-access","REST API/auth headers/caching/dedupe/HTTP implementation belongs application data layer; Core accepts callbacks."
"SdApiHttpOption","InterfaceDeclaration","services/api","services/api/src/api.model.ts","8","tag-v2.15-source-identical","tag-v2.13-source-identical","tag-v2.15-source-identical","EXCLUDED","app-data-access","REST API/auth headers/caching/dedupe/HTTP implementation belongs application data layer; Core accepts callbacks."
"SdApiOption","InterfaceDeclaration","services/api","services/api/src/api.model.ts","32","tag-v2.15-source-identical","tag-v2.13-source-identical","tag-v2.15-source-identical","EXCLUDED","app-data-access","REST API/auth headers/caching/dedupe/HTTP implementation belongs application data layer; Core accepts callbacks."
"SdApiRequestUpdate","TypeAliasDeclaration","services/api","services/api/src/api.model.ts","55","tag-v2.15-source-identical","tag-v2.13-source-identical","tag-v2.15-source-identical","EXCLUDED","app-data-access","REST API/auth headers/caching/dedupe/HTTP implementation belongs application data layer; Core accepts callbacks."
"SdApiResponseType","TypeAliasDeclaration","services/api","services/api/src/api.model.ts","5","tag-v2.15-source-identical","tag-v2.13-source-identical","tag-v2.15-source-identical","EXCLUDED","app-data-access","REST API/auth headers/caching/dedupe/HTTP implementation belongs application data layer; Core accepts callbacks."
"SdApiRetryOption","InterfaceDeclaration","services/api","services/api/src/api.model.ts","19","tag-v2.15-source-identical","tag-v2.13-source-identical","tag-v2.15-source-identical","EXCLUDED","app-data-access","REST API/auth headers/caching/dedupe/HTTP implementation belongs application data layer; Core accepts callbacks."
"SdDeleteOption","TypeAliasDeclaration","services/api","services/api/src/api.model.ts","54","tag-v2.15-source-identical","tag-v2.13-source-identical","tag-v2.15-source-identical","EXCLUDED","app-data-access","REST API/auth headers/caching/dedupe/HTTP implementation belongs application data layer; Core accepts callbacks."
"SdGetOption","TypeAliasDeclaration","services/api","services/api/src/api.model.ts","50","tag-v2.15-source-identical","tag-v2.13-source-identical","tag-v2.15-source-identical","EXCLUDED","app-data-access","REST API/auth headers/caching/dedupe/HTTP implementation belongs application data layer; Core accepts callbacks."
"SdPatchOption","TypeAliasDeclaration","services/api","services/api/src/api.model.ts","53","tag-v2.15-source-identical","tag-v2.13-source-identical","tag-v2.15-source-identical","EXCLUDED","app-data-access","REST API/auth headers/caching/dedupe/HTTP implementation belongs application data layer; Core accepts callbacks."
"SdPostOption","TypeAliasDeclaration","services/api","services/api/src/api.model.ts","51","tag-v2.15-source-identical","tag-v2.13-source-identical","tag-v2.15-source-identical","EXCLUDED","app-data-access","REST API/auth headers/caching/dedupe/HTTP implementation belongs application data layer; Core accepts callbacks."
"SdPutOption","TypeAliasDeclaration","services/api","services/api/src/api.model.ts","52","tag-v2.15-source-identical","tag-v2.13-source-identical","tag-v2.15-source-identical","EXCLUDED","app-data-access","REST API/auth headers/caching/dedupe/HTTP implementation belongs application data layer; Core accepts callbacks."
"SD_API_MISSING_HTTP_CLIENT_MESSAGE","FirstStatement","services/api","services/api/src/api.module.ts","9","tag-v2.15-source-identical","tag-v2.13-source-identical","tag-v2.15-source-identical","EXCLUDED","app-data-access","REST API/auth headers/caching/dedupe/HTTP implementation belongs application data layer; Core accepts callbacks."
"SdApiModule","ClassDeclaration","services/api","services/api/src/api.module.ts","20","tag-v2.15-source-identical","tag-v2.13-source-identical","tag-v2.15-source-identical","EXCLUDED","app-data-access","REST API/auth headers/caching/dedupe/HTTP implementation belongs application data layer; Core accepts callbacks."
"SdApiService","ClassDeclaration","services/api","services/api/src/api.service.ts","49","snapshot-modified-after-v2.15","tag-v2.13-source-identical","snapshot-modified-after-v2.15","EXCLUDED","app-data-access","REST API/auth headers/caching/dedupe/HTTP implementation belongs application data layer; Core accepts callbacks."
"SdHttpInterceptor","ClassDeclaration","services/api","services/api/src/interceptors/api.interceptor.ts","9","snapshot-modified-after-v2.15","tag-v2.13-source-identical","snapshot-modified-after-v2.15","EXCLUDED","app-data-access","REST API/auth headers/caching/dedupe/HTTP implementation belongs application data layer; Core accepts callbacks."
"adaptLegacySdCacheCallbacks","FunctionDeclaration","services/cache","services/cache/src/cache.model.ts","81","tag-v2.15-source-identical","tag-v2.13-source-identical","tag-v2.15-source-identical","EXCLUDED","app-query-cache","Consumer chọn query/cache library, không thêm Nova global cache hay duplicate TanStack Query abstraction."
"ISdCacheConfiguration","InterfaceDeclaration","services/cache","services/cache/src/cache.model.ts","54","tag-v2.15-source-identical","tag-v2.13-source-identical","tag-v2.15-source-identical","EXCLUDED","app-query-cache","Consumer chọn query/cache library, không thêm Nova global cache hay duplicate TanStack Query abstraction."
"SD_CACHE_CONFIG","FirstStatement","services/cache","services/cache/src/cache.model.ts","70","tag-v2.15-source-identical","tag-v2.13-source-identical","tag-v2.15-source-identical","EXCLUDED","app-query-cache","Consumer chọn query/cache library, không thêm Nova global cache hay duplicate TanStack Query abstraction."
"SD_CACHE_DEFAULT_MAX_MEMORY_ENTRIES","FirstStatement","services/cache","services/cache/src/cache.model.ts","52","tag-v2.15-source-identical","tag-v2.13-source-identical","tag-v2.15-source-identical","EXCLUDED","app-query-cache","Consumer chọn query/cache library, không thêm Nova global cache hay duplicate TanStack Query abstraction."
"SdCache","InterfaceDeclaration","services/cache","services/cache/src/cache.model.ts","17","tag-v2.15-source-identical","tag-v2.13-source-identical","tag-v2.15-source-identical","EXCLUDED","app-query-cache","Consumer chọn query/cache library, không thêm Nova global cache hay duplicate TanStack Query abstraction."
"SdCacheGetCallback","TypeAliasDeclaration","services/cache","services/cache/src/cache.model.ts","44","tag-v2.15-source-identical","tag-v2.13-source-identical","tag-v2.15-source-identical","EXCLUDED","app-query-cache","Consumer chọn query/cache library, không thêm Nova global cache hay duplicate TanStack Query abstraction."
"SdCacheOption","InterfaceDeclaration","services/cache","services/cache/src/cache.model.ts","5","tag-v2.15-source-identical","tag-v2.13-source-identical","tag-v2.15-source-identical","EXCLUDED","app-query-cache","Consumer chọn query/cache library, không thêm Nova global cache hay duplicate TanStack Query abstraction."
"SdCacheRemoveCallback","TypeAliasDeclaration","services/cache","services/cache/src/cache.model.ts","46","tag-v2.15-source-identical","tag-v2.13-source-identical","tag-v2.15-source-identical","EXCLUDED","app-query-cache","Consumer chọn query/cache library, không thêm Nova global cache hay duplicate TanStack Query abstraction."
"SdCacheSetCallback","TypeAliasDeclaration","services/cache","services/cache/src/cache.model.ts","42","tag-v2.15-source-identical","tag-v2.13-source-identical","tag-v2.15-source-identical","EXCLUDED","app-query-cache","Consumer chọn query/cache library, không thêm Nova global cache hay duplicate TanStack Query abstraction."
"SdCacheSnapshot","TypeAliasDeclaration","services/cache","services/cache/src/cache.model.ts","30","tag-v2.15-source-identical","tag-v2.13-source-identical","tag-v2.15-source-identical","EXCLUDED","app-query-cache","Consumer chọn query/cache library, không thêm Nova global cache hay duplicate TanStack Query abstraction."
"SdCacheStoredValue","InterfaceDeclaration","services/cache","services/cache/src/cache.model.ts","37","tag-v2.15-source-identical","tag-v2.13-source-identical","tag-v2.15-source-identical","EXCLUDED","app-query-cache","Consumer chọn query/cache library, không thêm Nova global cache hay duplicate TanStack Query abstraction."
"SdCacheWithDefault","InterfaceDeclaration","services/cache","services/cache/src/cache.model.ts","32","tag-v2.15-source-identical","tag-v2.13-source-identical","tag-v2.15-source-identical","EXCLUDED","app-query-cache","Consumer chọn query/cache library, không thêm Nova global cache hay duplicate TanStack Query abstraction."
"SdLegacyCacheCallbacks","InterfaceDeclaration","services/cache","services/cache/src/cache.model.ts","72","tag-v2.15-source-identical","tag-v2.13-source-identical","tag-v2.15-source-identical","EXCLUDED","app-query-cache","Consumer chọn query/cache library, không thêm Nova global cache hay duplicate TanStack Query abstraction."
"SdCacheService","ClassDeclaration","services/cache","services/cache/src/cache.service.ts","67","tag-v2.15-source-identical","tag-v2.13-source-identical","tag-v2.15-source-identical","EXCLUDED","app-query-cache","Consumer chọn query/cache library, không thêm Nova global cache hay duplicate TanStack Query abstraction."
"DialogConfirmComponent","ClassDeclaration","services/confirm","services/confirm/src/lib/components/dialog-confirm/dialog-confirm.component.ts","66","snapshot-modified-after-v2.15","tag-v2.13-source-identical","snapshot-modified-after-v2.15","S04","P1","Tham khảo semantics; thay API Angular/template/token bằng contract React tại spec, không giữ từng symbol 1:1."
"DialogData","InterfaceDeclaration","services/confirm","services/confirm/src/lib/components/dialog-confirm/dialog-confirm.component.ts","15","snapshot-modified-after-v2.15","tag-v2.13-source-identical","snapshot-modified-after-v2.15","S04","P1","Tham khảo semantics; thay API Angular/template/token bằng contract React tại spec, không giữ từng symbol 1:1."
"SdConfirmService","ClassDeclaration","services/confirm","services/confirm/src/lib/confirm.service.ts","9","snapshot-modified-after-v2.15","tag-v2.13-source-identical","snapshot-modified-after-v2.15","S04","P1","Tham khảo semantics; thay API Angular/template/token bằng contract React tại spec, không giữ từng symbol 1:1."
"SdExcelColumn","InterfaceDeclaration","services/excel","services/excel/src/lib/excel.model.ts","6","tag-v2.15-source-identical","tag-v2.13-source-identical","tag-v2.15-source-identical","U02","P2-adapter","Tham khảo semantics; thay API Angular/template/token bằng contract React tại spec, không giữ từng symbol 1:1."
"SdExcelExportOption","InterfaceDeclaration","services/excel","services/excel/src/lib/excel.model.ts","29","tag-v2.15-source-identical","tag-v2.13-source-identical","tag-v2.15-source-identical","U02","P2-adapter","Tham khảo semantics; thay API Angular/template/token bằng contract React tại spec, không giữ từng symbol 1:1."
"SdExcelSheet","InterfaceDeclaration","services/excel","services/excel/src/lib/excel.model.ts","20","tag-v2.15-source-identical","tag-v2.13-source-identical","tag-v2.15-source-identical","U02","P2-adapter","Tham khảo semantics; thay API Angular/template/token bằng contract React tại spec, không giữ từng symbol 1:1."
"SdExcelTemplate","InterfaceDeclaration","services/excel","services/excel/src/lib/excel.model.ts","1","tag-v2.15-source-identical","tag-v2.13-source-identical","tag-v2.15-source-identical","U02","P2-adapter","Tham khảo semantics; thay API Angular/template/token bằng contract React tại spec, không giữ từng symbol 1:1."
"SdExcelTemplateColumn","InterfaceDeclaration","services/excel","services/excel/src/lib/excel.model.ts","13","tag-v2.15-source-identical","tag-v2.13-source-identical","tag-v2.15-source-identical","U02","P2-adapter","Tham khảo semantics; thay API Angular/template/token bằng contract React tại spec, không giữ từng symbol 1:1."
"SdExcelService","ClassDeclaration","services/excel","services/excel/src/lib/excel.service.ts","11","snapshot-modified-after-v2.15","tag-v2.13-source-identical","snapshot-modified-after-v2.15","U02","P2-adapter","Tham khảo semantics; thay API Angular/template/token bằng contract React tại spec, không giữ từng symbol 1:1."
"SdLoadingRef","InterfaceDeclaration","services/loading","services/loading/src/loading.service.ts","4","snapshot-modified-after-v2.15","tag-v2.13-source-identical","snapshot-modified-after-v2.15","S05","P1","Tham khảo semantics; thay API Angular/template/token bằng contract React tại spec, không giữ từng symbol 1:1."
"SdLoadingService","ClassDeclaration","services/loading","services/loading/src/loading.service.ts","92","snapshot-modified-after-v2.15","tag-v2.13-source-identical","snapshot-modified-after-v2.15","S05","P1","Tham khảo semantics; thay API Angular/template/token bằng contract React tại spec, không giữ từng symbol 1:1."
"SdNotifyOption","InterfaceDeclaration","services/notify","services/notify/src/notify.model.ts","25","snapshot-modified-after-v2.15","tag-v2.13-source-identical","snapshot-modified-after-v2.15","S03","P1","Tham khảo semantics; thay API Angular/template/token bằng contract React tại spec, không giữ từng symbol 1:1."
"SdToastData","InterfaceDeclaration","services/notify","services/notify/src/notify.model.ts","5","snapshot-modified-after-v2.15","tag-v2.13-source-identical","snapshot-modified-after-v2.15","S03","P1","Tham khảo semantics; thay API Angular/template/token bằng contract React tại spec, không giữ từng symbol 1:1."
"SdToastType","TypeAliasDeclaration","services/notify","services/notify/src/notify.model.ts","3","snapshot-modified-after-v2.15","tag-v2.13-source-identical","snapshot-modified-after-v2.15","S03","P1","Tham khảo semantics; thay API Angular/template/token bằng contract React tại spec, không giữ từng symbol 1:1."
"SdNotifyService","ClassDeclaration","services/notify","services/notify/src/notify.service.ts","10","snapshot-modified-after-v2.15","tag-v2.13-source-identical","snapshot-modified-after-v2.15","S03","P1","Tham khảo semantics; thay API Angular/template/token bằng contract React tại spec, không giữ từng symbol 1:1."
"SD_GRAPH_HARD_LIMITS","FirstStatement","services/persistence","services/persistence/src/graph-serializer.ts","20","tag-v2.15-source-identical","tag-v2.13-source-identical","tag-v2.15-source-identical","EXCLUDED","graph-serialization","Không khôi phục cyclic/custom class/prototype từ storage; S09 chỉ codec schema explicit."
"SdGraphSerializer","ClassDeclaration","services/persistence","services/persistence/src/graph-serializer.ts","45","tag-v2.15-source-identical","tag-v2.13-source-identical","tag-v2.15-source-identical","EXCLUDED","graph-serialization","Không khôi phục cyclic/custom class/prototype từ storage; S09 chỉ codec schema explicit."
"SdPersistenceError","ClassDeclaration","services/persistence","services/persistence/src/graph-serializer.ts","34","tag-v2.15-source-identical","tag-v2.13-source-identical","tag-v2.15-source-identical","EXCLUDED","graph-serialization","Không khôi phục cyclic/custom class/prototype từ storage; S09 chỉ codec schema explicit."
"parseSdPersistenceEnvelope","FunctionDeclaration","services/persistence","services/persistence/src/persistence-envelope.ts","79","tag-v2.15-source-identical","tag-v2.13-source-identical","tag-v2.15-source-identical","S09","selective-codec","Tham khảo semantics; thay API Angular/template/token bằng contract React tại spec, không giữ từng symbol 1:1."
"SD_PERSISTENCE_ENVELOPE_FORMAT","FirstStatement","services/persistence","services/persistence/src/persistence-envelope.ts","3","tag-v2.15-source-identical","tag-v2.13-source-identical","tag-v2.15-source-identical","S09","selective-codec","Tham khảo semantics; thay API Angular/template/token bằng contract React tại spec, không giữ từng symbol 1:1."
"SD_PERSISTENCE_ENVELOPE_HARD_LIMITS","FirstStatement","services/persistence","services/persistence/src/persistence-envelope.ts","13","tag-v2.15-source-identical","tag-v2.13-source-identical","tag-v2.15-source-identical","S09","selective-codec","Tham khảo semantics; thay API Angular/template/token bằng contract React tại spec, không giữ từng symbol 1:1."
"SD_PERSISTENCE_ENVELOPE_VERSION","FirstStatement","services/persistence","services/persistence/src/persistence-envelope.ts","4","tag-v2.15-source-identical","tag-v2.13-source-identical","tag-v2.15-source-identical","S09","selective-codec","Tham khảo semantics; thay API Angular/template/token bằng contract React tại spec, không giữ từng symbol 1:1."
"SdPersistenceEnvelope","TypeAliasDeclaration","services/persistence","services/persistence/src/persistence-envelope.ts","37","tag-v2.15-source-identical","tag-v2.13-source-identical","tag-v2.15-source-identical","S09","selective-codec","Tham khảo semantics; thay API Angular/template/token bằng contract React tại spec, không giữ từng symbol 1:1."
"SdPersistenceEnvelopeLimits","InterfaceDeclaration","services/persistence","services/persistence/src/persistence-envelope.ts","6","tag-v2.15-source-identical","tag-v2.13-source-identical","tag-v2.15-source-identical","S09","selective-codec","Tham khảo semantics; thay API Angular/template/token bằng contract React tại spec, không giữ từng symbol 1:1."
"SdPersistenceTombstoneEnvelope","InterfaceDeclaration","services/persistence","services/persistence/src/persistence-envelope.ts","29","tag-v2.15-source-identical","tag-v2.13-source-identical","tag-v2.15-source-identical","S09","selective-codec","Tham khảo semantics; thay API Angular/template/token bằng contract React tại spec, không giữ từng symbol 1:1."
"SdPersistenceValueEnvelope","InterfaceDeclaration","services/persistence","services/persistence/src/persistence-envelope.ts","20","tag-v2.15-source-identical","tag-v2.13-source-identical","tag-v2.15-source-identical","S09","selective-codec","Tham khảo semantics; thay API Angular/template/token bằng contract React tại spec, không giữ từng symbol 1:1."
"stringifySdPersistenceTombstoneEnvelope","FunctionDeclaration","services/persistence","services/persistence/src/persistence-envelope.ts","60","tag-v2.15-source-identical","tag-v2.13-source-identical","tag-v2.15-source-identical","S09","selective-codec","Tham khảo semantics; thay API Angular/template/token bằng contract React tại spec, không giữ từng symbol 1:1."
"stringifySdPersistenceValueEnvelope","FunctionDeclaration","services/persistence","services/persistence/src/persistence-envelope.ts","39","tag-v2.15-source-identical","tag-v2.13-source-identical","tag-v2.15-source-identical","S09","selective-codec","Tham khảo semantics; thay API Angular/template/token bằng contract React tại spec, không giữ từng symbol 1:1."
"buildSdPersistenceKey","FunctionDeclaration","services/persistence","services/persistence/src/persistence-key.ts","17","tag-v2.15-source-identical","tag-v2.13-source-identical","tag-v2.15-source-identical","S09","selective-codec","Tham khảo semantics; thay API Angular/template/token bằng contract React tại spec, không giữ từng symbol 1:1."
"canonicalizeSdPersistenceValue","FunctionDeclaration","services/persistence","services/persistence/src/persistence-key.ts","31","tag-v2.15-source-identical","tag-v2.13-source-identical","tag-v2.15-source-identical","S09","selective-codec","Tham khảo semantics; thay API Angular/template/token bằng contract React tại spec, không giữ từng symbol 1:1."
"digestSdPersistenceKey","FunctionDeclaration","services/persistence","services/persistence/src/persistence-key.ts","44","tag-v2.15-source-identical","tag-v2.13-source-identical","tag-v2.15-source-identical","S09","selective-codec","Tham khảo semantics; thay API Angular/template/token bằng contract React tại spec, không giữ từng symbol 1:1."
"SdGraphIdentityCanonicalizer","ClassDeclaration","services/persistence","services/persistence/src/persistence-key.ts","22","tag-v2.15-source-identical","tag-v2.13-source-identical","tag-v2.15-source-identical","S09","selective-codec","Tham khảo semantics; thay API Angular/template/token bằng contract React tại spec, không giữ từng symbol 1:1."
"SdPersistenceIdentityError","ClassDeclaration","services/persistence","services/persistence/src/persistence-key.ts","9","tag-v2.15-source-identical","tag-v2.13-source-identical","tag-v2.15-source-identical","S09","selective-codec","Tham khảo semantics; thay API Angular/template/token bằng contract React tại spec, không giữ từng symbol 1:1."
"SdPersistenceKeyField","InterfaceDeclaration","services/persistence","services/persistence/src/persistence-key.ts","4","tag-v2.15-source-identical","tag-v2.13-source-identical","tag-v2.15-source-identical","S09","selective-codec","Tham khảo semantics; thay API Angular/template/token bằng contract React tại spec, không giữ từng symbol 1:1."
"SD_GRAPH_FORMAT","FirstStatement","services/persistence","services/persistence/src/persistence.model.ts","1","tag-v2.15-source-identical","tag-v2.13-source-identical","tag-v2.15-source-identical","S09","selective-codec","Tham khảo semantics; thay API Angular/template/token bằng contract React tại spec, không giữ từng symbol 1:1."
"SD_GRAPH_VERSION","FirstStatement","services/persistence","services/persistence/src/persistence.model.ts","2","tag-v2.15-source-identical","tag-v2.13-source-identical","tag-v2.15-source-identical","S09","selective-codec","Tham khảo semantics; thay API Angular/template/token bằng contract React tại spec, không giữ từng symbol 1:1."
"SdGraphArrayNode","InterfaceDeclaration","services/persistence","services/persistence/src/persistence.model.ts","48","tag-v2.15-source-identical","tag-v2.13-source-identical","tag-v2.15-source-identical","S09","selective-codec","Tham khảo semantics; thay API Angular/template/token bằng contract React tại spec, không giữ từng symbol 1:1."
"SdGraphDateNode","InterfaceDeclaration","services/persistence","services/persistence/src/persistence.model.ts","59","tag-v2.15-source-identical","tag-v2.13-source-identical","tag-v2.15-source-identical","S09","selective-codec","Tham khảo semantics; thay API Angular/template/token bằng contract React tại spec, không giữ từng symbol 1:1."
"SdGraphEnvelope","InterfaceDeclaration","services/persistence","services/persistence/src/persistence.model.ts","76","tag-v2.15-source-identical","tag-v2.13-source-identical","tag-v2.15-source-identical","S09","selective-codec","Tham khảo semantics; thay API Angular/template/token bằng contract React tại spec, không giữ từng symbol 1:1."
"SdGraphMapNode","InterfaceDeclaration","services/persistence","services/persistence/src/persistence.model.ts","64","tag-v2.15-source-identical","tag-v2.13-source-identical","tag-v2.15-source-identical","S09","selective-codec","Tham khảo semantics; thay API Angular/template/token bằng contract React tại spec, không giữ từng symbol 1:1."
"SdGraphNode","TypeAliasDeclaration","services/persistence","services/persistence/src/persistence.model.ts","74","tag-v2.15-source-identical","tag-v2.13-source-identical","tag-v2.15-source-identical","S09","selective-codec","Tham khảo semantics; thay API Angular/template/token bằng contract React tại spec, không giữ từng symbol 1:1."
"SdGraphObjectNode","InterfaceDeclaration","services/persistence","services/persistence/src/persistence.model.ts","53","tag-v2.15-source-identical","tag-v2.13-source-identical","tag-v2.15-source-identical","S09","selective-codec","Tham khảo semantics; thay API Angular/template/token bằng contract React tại spec, không giữ từng symbol 1:1."
"SdGraphSerializerLimits","InterfaceDeclaration","services/persistence","services/persistence/src/persistence.model.ts","13","tag-v2.15-source-identical","tag-v2.13-source-identical","tag-v2.15-source-identical","S09","selective-codec","Tham khảo semantics; thay API Angular/template/token bằng contract React tại spec, không giữ từng symbol 1:1."
"SdGraphSetNode","InterfaceDeclaration","services/persistence","services/persistence/src/persistence.model.ts","69","tag-v2.15-source-identical","tag-v2.13-source-identical","tag-v2.15-source-identical","S09","selective-codec","Tham khảo semantics; thay API Angular/template/token bằng contract React tại spec, không giữ từng symbol 1:1."
"SdGraphSpecialNumber","TypeAliasDeclaration","services/persistence","services/persistence/src/persistence.model.ts","36","tag-v2.15-source-identical","tag-v2.13-source-identical","tag-v2.15-source-identical","S09","selective-codec","Tham khảo semantics; thay API Angular/template/token bằng contract React tại spec, không giữ từng symbol 1:1."
"SdGraphValue","TypeAliasDeclaration","services/persistence","services/persistence/src/persistence.model.ts","38","tag-v2.15-source-identical","tag-v2.13-source-identical","tag-v2.15-source-identical","S09","selective-codec","Tham khảo semantics; thay API Angular/template/token bằng contract React tại spec, không giữ từng symbol 1:1."
"SdPersistenceErrorCode","TypeAliasDeclaration","services/persistence","services/persistence/src/persistence.model.ts","4","tag-v2.15-source-identical","tag-v2.13-source-identical","tag-v2.15-source-identical","S09","selective-codec","Tham khảo semantics; thay API Angular/template/token bằng contract React tại spec, không giữ từng symbol 1:1."
"SdPersistenceIdentityCanonicalizer","InterfaceDeclaration","services/persistence","services/persistence/src/persistence.model.ts","31","tag-v2.15-source-identical","tag-v2.13-source-identical","tag-v2.15-source-identical","S09","selective-codec","Tham khảo semantics; thay API Angular/template/token bằng contract React tại spec, không giữ từng symbol 1:1."
"SdPersistenceSerializer","InterfaceDeclaration","services/persistence","services/persistence/src/persistence.model.ts","23","tag-v2.15-source-identical","tag-v2.13-source-identical","tag-v2.15-source-identical","S09","selective-codec","Tham khảo semantics; thay API Angular/template/token bằng contract React tại spec, không giữ từng symbol 1:1."
"readSdPersistenceStorageItem","FunctionDeclaration","services/persistence","services/persistence/src/storage-adapter.ts","67","tag-v2.15-source-identical","tag-v2.13-source-identical","tag-v2.15-source-identical","S09","selective-codec","Tham khảo semantics; thay API Angular/template/token bằng contract React tại spec, không giữ từng symbol 1:1."
"SD_PERSISTENCE_STORAGE_ADAPTER","FirstStatement","services/persistence","services/persistence/src/storage-adapter.ts","81","tag-v2.15-source-identical","tag-v2.13-source-identical","tag-v2.15-source-identical","S09","selective-codec","Tham khảo semantics; thay API Angular/template/token bằng contract React tại spec, không giữ từng symbol 1:1."
"SdBrowserStorageAdapter","ClassDeclaration","services/persistence","services/persistence/src/storage-adapter.ts","16","tag-v2.15-source-identical","tag-v2.13-source-identical","tag-v2.15-source-identical","S09","selective-codec","Tham khảo semantics; thay API Angular/template/token bằng contract React tại spec, không giữ từng symbol 1:1."
"SdPersistenceStorageAdapter","InterfaceDeclaration","services/persistence","services/persistence/src/storage-adapter.ts","8","tag-v2.15-source-identical","tag-v2.13-source-identical","tag-v2.15-source-identical","S09","selective-codec","Tham khảo semantics; thay API Angular/template/token bằng contract React tại spec, không giữ từng symbol 1:1."
"SdPersistenceStorageArea","TypeAliasDeclaration","services/persistence","services/persistence/src/storage-adapter.ts","4","tag-v2.15-source-identical","tag-v2.13-source-identical","tag-v2.15-source-identical","S09","selective-codec","Tham khảo semantics; thay API Angular/template/token bằng contract React tại spec, không giữ từng symbol 1:1."
"SdPersistenceStorageRead","TypeAliasDeclaration","services/persistence","services/persistence/src/storage-adapter.ts","6","tag-v2.15-source-identical","tag-v2.13-source-identical","tag-v2.15-source-identical","S09","selective-codec","Tham khảo semantics; thay API Angular/template/token bằng contract React tại spec, không giữ từng symbol 1:1."
"ISdStorageConfiguration","InterfaceDeclaration","services/storage","services/storage/src/storage.model.ts","32","tag-v2.15-source-identical","tag-v2.13-source-identical","tag-v2.15-source-identical","S09","P2","Tham khảo semantics; thay API Angular/template/token bằng contract React tại spec, không giữ từng symbol 1:1."
"SD_STORAGE_CONFIG","FirstStatement","services/storage","services/storage/src/storage.model.ts","40","tag-v2.15-source-identical","tag-v2.13-source-identical","tag-v2.15-source-identical","S09","P2","Tham khảo semantics; thay API Angular/template/token bằng contract React tại spec, không giữ từng symbol 1:1."
"SdStorage","InterfaceDeclaration","services/storage","services/storage/src/storage.model.ts","15","tag-v2.15-source-identical","tag-v2.13-source-identical","tag-v2.15-source-identical","S09","P2","Tham khảo semantics; thay API Angular/template/token bằng contract React tại spec, không giữ từng symbol 1:1."
"SdStorageOption","InterfaceDeclaration","services/storage","services/storage/src/storage.model.ts","5","tag-v2.15-source-identical","tag-v2.13-source-identical","tag-v2.15-source-identical","S09","P2","Tham khảo semantics; thay API Angular/template/token bằng contract React tại spec, không giữ từng symbol 1:1."
"SdStorageWithDefault","InterfaceDeclaration","services/storage","services/storage/src/storage.model.ts","26","tag-v2.15-source-identical","tag-v2.13-source-identical","tag-v2.15-source-identical","S09","P2","Tham khảo semantics; thay API Angular/template/token bằng contract React tại spec, không giữ từng symbol 1:1."
"SdStorageService","ClassDeclaration","services/storage","services/storage/src/storage.service.ts","58","tag-v2.15-source-identical","tag-v2.13-source-identical","tag-v2.15-source-identical","S09","P2","Tham khảo semantics; thay API Angular/template/token bằng contract React tại spec, không giữ từng symbol 1:1."
"isSdTaskTerminal","FunctionDeclaration","services/task","services/task/src/task.model.ts","91","tag-v2.15-source-identical","tag-v2.13-source-identical","tag-v2.15-source-identical","S06","P2","Tham khảo semantics; thay API Angular/template/token bằng contract React tại spec, không giữ từng symbol 1:1."
"SdTaskActionContext","InterfaceDeclaration","services/task","services/task/src/task.model.ts","33","tag-v2.15-source-identical","tag-v2.13-source-identical","tag-v2.15-source-identical","S06","P2","Tham khảo semantics; thay API Angular/template/token bằng contract React tại spec, không giữ từng symbol 1:1."
"SdTaskCancelHandler","TypeAliasDeclaration","services/task","services/task/src/task.model.ts","39","tag-v2.15-source-identical","tag-v2.13-source-identical","tag-v2.15-source-identical","S06","P2","Tham khảo semantics; thay API Angular/template/token bằng contract React tại spec, không giữ từng symbol 1:1."
"SdTaskCancelResult","TypeAliasDeclaration","services/task","services/task/src/task.model.ts","38","tag-v2.15-source-identical","tag-v2.13-source-identical","tag-v2.15-source-identical","S06","P2","Tham khảo semantics; thay API Angular/template/token bằng contract React tại spec, không giữ từng symbol 1:1."
"SdTaskConnectionState","TypeAliasDeclaration","services/task","services/task/src/task.model.ts","5","tag-v2.15-source-identical","tag-v2.13-source-identical","tag-v2.15-source-identical","S06","P2","Tham khảo semantics; thay API Angular/template/token bằng contract React tại spec, không giữ từng symbol 1:1."
"SdTaskLoadContext","InterfaceDeclaration","services/task","services/task/src/task.model.ts","26","tag-v2.15-source-identical","tag-v2.13-source-identical","tag-v2.15-source-identical","S06","P2","Tham khảo semantics; thay API Angular/template/token bằng contract React tại spec, không giữ từng symbol 1:1."
"SdTaskManualSource","InterfaceDeclaration","services/task","services/task/src/task.model.ts","47","tag-v2.15-source-identical","tag-v2.13-source-identical","tag-v2.15-source-identical","S06","P2","Tham khảo semantics; thay API Angular/template/token bằng contract React tại spec, không giữ từng symbol 1:1."
"SdTaskMaybeAsync","TypeAliasDeclaration","services/task","services/task/src/task.model.ts","3","tag-v2.15-source-identical","tag-v2.13-source-identical","tag-v2.15-source-identical","S06","P2","Tham khảo semantics; thay API Angular/template/token bằng contract React tại spec, không giữ từng symbol 1:1."
"SdTaskPollingSource","InterfaceDeclaration","services/task","services/task/src/task.model.ts","51","tag-v2.15-source-identical","tag-v2.13-source-identical","tag-v2.15-source-identical","S06","P2","Tham khảo semantics; thay API Angular/template/token bằng contract React tại spec, không giữ từng symbol 1:1."
"SdTaskRetryPolicy","InterfaceDeclaration","services/task","services/task/src/task.model.ts","18","tag-v2.15-source-identical","tag-v2.13-source-identical","tag-v2.15-source-identical","S06","P2","Tham khảo semantics; thay API Angular/template/token bằng contract React tại spec, không giữ từng symbol 1:1."
"SdTaskSource","TypeAliasDeclaration","services/task","services/task/src/task.model.ts","66","tag-v2.15-source-identical","tag-v2.13-source-identical","tag-v2.15-source-identical","S06","P2","Tham khảo semantics; thay API Angular/template/token bằng contract React tại spec, không giữ từng symbol 1:1."
"SdTaskSseSource","InterfaceDeclaration","services/task","services/task/src/task.model.ts","58","tag-v2.15-source-identical","tag-v2.13-source-identical","tag-v2.15-source-identical","S06","P2","Tham khảo semantics; thay API Angular/template/token bằng contract React tại spec, không giữ từng symbol 1:1."
"SdTaskState","InterfaceDeclaration","services/task","services/task/src/task.model.ts","7","tag-v2.15-source-identical","tag-v2.13-source-identical","tag-v2.15-source-identical","S06","P2","Tham khảo semantics; thay API Angular/template/token bằng contract React tại spec, không giữ từng symbol 1:1."
"SdTaskStatus","TypeAliasDeclaration","services/task","services/task/src/task.model.ts","4","tag-v2.15-source-identical","tag-v2.13-source-identical","tag-v2.15-source-identical","S06","P2","Tham khảo semantics; thay API Angular/template/token bằng contract React tại spec, không giữ từng symbol 1:1."
"SdTaskSubscription","InterfaceDeclaration","services/task","services/task/src/task.model.ts","86","tag-v2.15-source-identical","tag-v2.13-source-identical","tag-v2.15-source-identical","S06","P2","Tham khảo semantics; thay API Angular/template/token bằng contract React tại spec, không giữ từng symbol 1:1."
"SdTaskView","InterfaceDeclaration","services/task","services/task/src/task.model.ts","74","tag-v2.15-source-identical","tag-v2.13-source-identical","tag-v2.15-source-identical","S06","P2","Tham khảo semantics; thay API Angular/template/token bằng contract React tại spec, không giữ từng symbol 1:1."
"SdTaskWatchOptions","InterfaceDeclaration","services/task","services/task/src/task.model.ts","68","tag-v2.15-source-identical","tag-v2.13-source-identical","tag-v2.15-source-identical","S06","P2","Tham khảo semantics; thay API Angular/template/token bằng contract React tại spec, không giữ từng symbol 1:1."
"SdTaskService","ClassDeclaration","services/task","services/task/src/task.service.ts","44","tag-v2.15-source-identical","tag-v2.13-source-identical","tag-v2.15-source-identical","S06","P2","Tham khảo semantics; thay API Angular/template/token bằng contract React tại spec, không giữ từng symbol 1:1."
"SD_TASK_EVENT_SOURCE_FACTORY","FirstStatement","services/task","services/task/src/task.tokens.ts","15","tag-v2.15-source-identical","tag-v2.13-source-identical","tag-v2.15-source-identical","S06","P2","Tham khảo semantics; thay API Angular/template/token bằng contract React tại spec, không giữ từng symbol 1:1."
"SD_TASK_RANDOM","FirstStatement","services/task","services/task/src/task.tokens.ts","25","tag-v2.15-source-identical","tag-v2.13-source-identical","tag-v2.15-source-identical","S06","P2","Tham khảo semantics; thay API Angular/template/token bằng contract React tại spec, không giữ từng symbol 1:1."
"SdTaskEventSource","InterfaceDeclaration","services/task","services/task/src/task.tokens.ts","4","tag-v2.15-source-identical","tag-v2.13-source-identical","tag-v2.15-source-identical","S06","P2","Tham khảo semantics; thay API Angular/template/token bằng contract React tại spec, không giữ từng symbol 1:1."
"SdTaskEventSourceFactory","InterfaceDeclaration","services/task","services/task/src/task.tokens.ts","11","tag-v2.15-source-identical","tag-v2.13-source-identical","tag-v2.15-source-identical","S06","P2","Tham khảo semantics; thay API Angular/template/token bằng contract React tại spec, không giữ từng symbol 1:1."
"createSdUnsavedChangesCloseGuard","FunctionDeclaration","services/unsaved-changes","services/unsaved-changes/src/unsaved-changes.adapters.ts","68","tag-v2.15-source-identical","tag-v2.13-source-identical","tag-v2.15-source-identical","S07","P1","Tham khảo semantics; thay API Angular/template/token bằng contract React tại spec, không giữ từng symbol 1:1."
"registerSdUnsavedChangesForm","FunctionDeclaration","services/unsaved-changes","services/unsaved-changes/src/unsaved-changes.adapters.ts","17","tag-v2.15-source-identical","tag-v2.13-source-identical","tag-v2.15-source-identical","S07","P1","Tham khảo semantics; thay API Angular/template/token bằng contract React tại spec, không giữ từng symbol 1:1."
"SdUnsavedChangesFormOptions","InterfaceDeclaration","services/unsaved-changes","services/unsaved-changes/src/unsaved-changes.adapters.ts","8","tag-v2.15-source-identical","tag-v2.13-source-identical","tag-v2.15-source-identical","S07","P1","Tham khảo semantics; thay API Angular/template/token bằng contract React tại spec, không giữ từng symbol 1:1."
"sdUnsavedChangesGuard","FirstStatement","services/unsaved-changes","services/unsaved-changes/src/unsaved-changes.adapters.ts","75","tag-v2.15-source-identical","tag-v2.13-source-identical","tag-v2.15-source-identical","S07","P1","Tham khảo semantics; thay API Angular/template/token bằng contract React tại spec, không giữ từng symbol 1:1."
"SdUnsavedChangesConfirmationAdapter","InterfaceDeclaration","services/unsaved-changes","services/unsaved-changes/src/unsaved-changes.model.ts","26","tag-v2.15-source-identical","tag-v2.13-source-identical","tag-v2.15-source-identical","S07","P1","Tham khảo semantics; thay API Angular/template/token bằng contract React tại spec, không giữ từng symbol 1:1."
"SdUnsavedChangesConfirmOptions","InterfaceDeclaration","services/unsaved-changes","services/unsaved-changes/src/unsaved-changes.model.ts","44","tag-v2.15-source-identical","tag-v2.13-source-identical","tag-v2.15-source-identical","S07","P1","Tham khảo semantics; thay API Angular/template/token bằng contract React tại spec, không giữ từng symbol 1:1."
"SdUnsavedChangesDecision","TypeAliasDeclaration","services/unsaved-changes","services/unsaved-changes/src/unsaved-changes.model.ts","5","tag-v2.15-source-identical","tag-v2.13-source-identical","tag-v2.15-source-identical","S07","P1","Tham khảo semantics; thay API Angular/template/token bằng contract React tại spec, không giữ từng symbol 1:1."
"SdUnsavedChangesDirtySource","TypeAliasDeclaration","services/unsaved-changes","services/unsaved-changes/src/unsaved-changes.model.ts","4","tag-v2.15-source-identical","tag-v2.13-source-identical","tag-v2.15-source-identical","S07","P1","Tham khảo semantics; thay API Angular/template/token bằng contract React tại spec, không giữ từng symbol 1:1."
"SdUnsavedChangesMaybeAsync","TypeAliasDeclaration","services/unsaved-changes","services/unsaved-changes/src/unsaved-changes.model.ts","3","tag-v2.15-source-identical","tag-v2.13-source-identical","tag-v2.15-source-identical","S07","P1","Tham khảo semantics; thay API Angular/template/token bằng contract React tại spec, không giữ từng symbol 1:1."
"SdUnsavedChangesPromptContext","InterfaceDeclaration","services/unsaved-changes","services/unsaved-changes/src/unsaved-changes.model.ts","19","tag-v2.15-source-identical","tag-v2.13-source-identical","tag-v2.15-source-identical","S07","P1","Tham khảo semantics; thay API Angular/template/token bằng contract React tại spec, không giữ từng symbol 1:1."
"SdUnsavedChangesReason","TypeAliasDeclaration","services/unsaved-changes","services/unsaved-changes/src/unsaved-changes.model.ts","6","tag-v2.15-source-identical","tag-v2.13-source-identical","tag-v2.15-source-identical","S07","P1","Tham khảo semantics; thay API Angular/template/token bằng contract React tại spec, không giữ từng symbol 1:1."
"SdUnsavedChangesRegistration","InterfaceDeclaration","services/unsaved-changes","services/unsaved-changes/src/unsaved-changes.model.ts","30","tag-v2.15-source-identical","tag-v2.13-source-identical","tag-v2.15-source-identical","S07","P1","Tham khảo semantics; thay API Angular/template/token bằng contract React tại spec, không giữ từng symbol 1:1."
"SdUnsavedChangesWatcher","InterfaceDeclaration","services/unsaved-changes","services/unsaved-changes/src/unsaved-changes.model.ts","8","tag-v2.15-source-identical","tag-v2.13-source-identical","tag-v2.15-source-identical","S07","P1","Tham khảo semantics; thay API Angular/template/token bằng contract React tại spec, không giữ từng symbol 1:1."
"SdUnsavedChangesService","ClassDeclaration","services/unsaved-changes","services/unsaved-changes/src/unsaved-changes.service.ts","19","tag-v2.15-source-identical","tag-v2.13-source-identical","tag-v2.15-source-identical","S07","P1","Tham khảo semantics; thay API Angular/template/token bằng contract React tại spec, không giữ từng symbol 1:1."
"SD_UNSAVED_CHANGES_CONFIRMATION_ADAPTER","FirstStatement","services/unsaved-changes","services/unsaved-changes/src/unsaved-changes.tokens.ts","16","tag-v2.15-source-identical","tag-v2.13-source-identical","tag-v2.15-source-identical","S07","P1","Tham khảo semantics; thay API Angular/template/token bằng contract React tại spec, không giữ từng symbol 1:1."
"SD_UNSAVED_CHANGES_WINDOW","FirstStatement","services/unsaved-changes","services/unsaved-changes/src/unsaved-changes.tokens.ts","12","tag-v2.15-source-identical","tag-v2.13-source-identical","tag-v2.15-source-identical","S07","P1","Tham khảo semantics; thay API Angular/template/token bằng contract React tại spec, không giữ từng symbol 1:1."
"SdUnsavedChangesWindow","InterfaceDeclaration","services/unsaved-changes","services/unsaved-changes/src/unsaved-changes.tokens.ts","6","tag-v2.15-source-identical","tag-v2.13-source-identical","tag-v2.15-source-identical","S07","P1","Tham khảo semantics; thay API Angular/template/token bằng contract React tại spec, không giữ từng symbol 1:1."
"SdViewport","InterfaceDeclaration","services/viewport","services/viewport/src/viewport.model.ts","9","tag-v2.15-source-identical","tag-v2.13-source-identical","tag-v2.15-source-identical","S08","P1","Tham khảo semantics; thay API Angular/template/token bằng contract React tại spec, không giữ từng symbol 1:1."
"SdViewportBreakpoint","TypeAliasDeclaration","services/viewport","services/viewport/src/viewport.model.ts","7","tag-v2.15-source-identical","tag-v2.13-source-identical","tag-v2.15-source-identical","S08","P1","Tham khảo semantics; thay API Angular/template/token bằng contract React tại spec, không giữ từng symbol 1:1."
"SdViewportBreakpoints","InterfaceDeclaration","services/viewport","services/viewport/src/viewport.model.ts","1","tag-v2.15-source-identical","tag-v2.13-source-identical","tag-v2.15-source-identical","S08","P1","Tham khảo semantics; thay API Angular/template/token bằng contract React tại spec, không giữ từng symbol 1:1."
"SdViewportService","ClassDeclaration","services/viewport","services/viewport/src/viewport.service.ts","9","tag-v2.15-source-identical","tag-v2.13-source-identical","tag-v2.15-source-identical","S08","P1","Tham khảo semantics; thay API Angular/template/token bằng contract React tại spec, không giữ từng symbol 1:1."
"SD_VIEWPORT","FirstStatement","services/viewport","services/viewport/src/viewport.tokens.ts","10","tag-v2.15-source-identical","tag-v2.13-source-identical","tag-v2.15-source-identical","S08","P1","Tham khảo semantics; thay API Angular/template/token bằng contract React tại spec, không giữ từng symbol 1:1."
"SD_VIEWPORT_BREAKPOINTS","FirstStatement","services/viewport","services/viewport/src/viewport.tokens.ts","15","tag-v2.15-source-identical","tag-v2.13-source-identical","tag-v2.15-source-identical","S08","P1","Tham khảo semantics; thay API Angular/template/token bằng contract React tại spec, không giữ từng symbol 1:1."
"SD_VIEWPORT_DEFAULT_BREAKPOINTS","FirstStatement","services/viewport","services/viewport/src/viewport.tokens.ts","4","tag-v2.15-source-identical","tag-v2.13-source-identical","tag-v2.15-source-identical","S08","P1","Tham khảo semantics; thay API Angular/template/token bằng contract React tại spec, không giữ từng symbol 1:1."
"sdNormalizeViewportBreakpoints","FunctionDeclaration","services/viewport","services/viewport/src/viewport.tokens.ts","20","tag-v2.15-source-identical","tag-v2.13-source-identical","tag-v2.15-source-identical","S08","P1","Tham khảo semantics; thay API Angular/template/token bằng contract React tại spec, không giữ từng symbol 1:1."
"createHostFixture","FunctionDeclaration","testing/test-utils.ts","testing/test-utils.ts","22","tag-v2.15-source-identical","tag-v2.13-source-identical","tag-v2.15-source-identical","TESTING","React-testing-new-harness","Tham khảo semantics; thay API Angular/template/token bằng contract React tại spec, không giữ từng symbol 1:1."
"dispatch","FunctionDeclaration","testing/test-utils.ts","testing/test-utils.ts","54","tag-v2.15-source-identical","tag-v2.13-source-identical","tag-v2.15-source-identical","TESTING","React-testing-new-harness","Tham khảo semantics; thay API Angular/template/token bằng contract React tại spec, không giữ từng symbol 1:1."
"HostFixtureResult","InterfaceDeclaration","testing/test-utils.ts","testing/test-utils.ts","5","tag-v2.15-source-identical","tag-v2.13-source-identical","tag-v2.15-source-identical","TESTING","React-testing-new-harness","Tham khảo semantics; thay API Angular/template/token bằng contract React tại spec, không giữ từng symbol 1:1."
"queryAllByCss","FunctionDeclaration","testing/test-utils.ts","testing/test-utils.ts","47","tag-v2.15-source-identical","tag-v2.13-source-identical","tag-v2.15-source-identical","TESTING","React-testing-new-harness","Tham khảo semantics; thay API Angular/template/token bằng contract React tại spec, không giữ từng symbol 1:1."
"queryByCss","FunctionDeclaration","testing/test-utils.ts","testing/test-utils.ts","36","tag-v2.15-source-identical","tag-v2.13-source-identical","tag-v2.15-source-identical","TESTING","React-testing-new-harness","Tham khảo semantics; thay API Angular/template/token bằng contract React tại spec, không giữ từng symbol 1:1."
"setInput","FunctionDeclaration","testing/test-utils.ts","testing/test-utils.ts","63","tag-v2.15-source-identical","tag-v2.13-source-identical","tag-v2.15-source-identical","TESTING","React-testing-new-harness","Tham khảo semantics; thay API Angular/template/token bằng contract React tại spec, không giữ từng symbol 1:1."
"TestEmptyHost","ClassDeclaration","testing/test-utils.ts","testing/test-utils.ts","71","tag-v2.15-source-identical","tag-v2.13-source-identical","tag-v2.15-source-identical","TESTING","React-testing-new-harness","Tham khảo semantics; thay API Angular/template/token bằng contract React tại spec, không giữ từng symbol 1:1."
"sdIsEmpty","FunctionDeclaration","utilities/data-state","utilities/data-state/src/data-state.ts","23","tag-v2.15-source-identical","tag-v2.13-source-identical","tag-v2.15-source-identical","C10","typed-state","Tham khảo semantics; thay API Angular/template/token bằng contract React tại spec, không giữ từng symbol 1:1."
"sdSerializeDataValue","FunctionDeclaration","utilities/data-state","utilities/data-state/src/data-state.ts","9","tag-v2.15-source-identical","tag-v2.13-source-identical","tag-v2.15-source-identical","C10","typed-state","Tham khảo semantics; thay API Angular/template/token bằng contract React tại spec, không giữ từng symbol 1:1."
"sdSanitizeEditorHtml","FunctionDeclaration","utilities/extensions","utilities/extensions/src/editor-html-sanitizer.ts","295","snapshot-only-vs-v2.15","not-present-in-4db0ac9","snapshot-only-vs-v2.15","EXCLUDED","no-prototype-augmentation","Extensions/prototype injection không hợp React SSR isolation; app imports pure helpers if needed."
"ObjectUtilities","FirstStatement","utilities/extensions","utilities/extensions/src/object.extension.ts","41","tag-v2.15-source-identical","tag-v2.13-source-identical","tag-v2.15-source-identical","EXCLUDED","no-prototype-augmentation","Extensions/prototype injection không hợp React SSR isolation; app imports pure helpers if needed."
"sdFindHighlightRanges","FunctionDeclaration","utilities/extensions","utilities/extensions/src/text-search.ts","88","snapshot-only-vs-v2.15","not-present-in-4db0ac9","snapshot-only-vs-v2.15","C18","pure-safe-text-helper","Pure accent-insensitive highlight helper chuyển React, không prototype augmentation."
"SdHighlightRange","InterfaceDeclaration","utilities/extensions","utilities/extensions/src/text-search.ts","15","snapshot-only-vs-v2.15","not-present-in-4db0ac9","snapshot-only-vs-v2.15","C18","pure-safe-text-helper","Pure accent-insensitive highlight helper chuyển React, không prototype augmentation."
"sdNormalizeSearchText","FunctionDeclaration","utilities/extensions","utilities/extensions/src/text-search.ts","73","snapshot-only-vs-v2.15","not-present-in-4db0ac9","snapshot-only-vs-v2.15","EXCLUDED","no-prototype-augmentation","Extensions/prototype injection không hợp React SSR isolation; app imports pure helpers if needed."
"SD_NON_BROWSER_ORIGIN","FirstStatement","utilities/extensions","utilities/extensions/src/url-safety.ts","29","snapshot-modified-after-v2.15","tag-v2.13-source-identical","snapshot-modified-after-v2.15","C06","pure-url-safety","Pure URL safety helper phù hợp React, giữ protocol allowlist; không đồng nhất với prototype extensions."
"sdIsAllowedOrigin","FunctionDeclaration","utilities/extensions","utilities/extensions/src/url-safety.ts","89","snapshot-modified-after-v2.15","tag-v2.13-source-identical","snapshot-modified-after-v2.15","C06","pure-url-safety","Pure URL safety helper phù hợp React, giữ protocol allowlist; không đồng nhất với prototype extensions."
"sdIsExternalHttpUrl","FunctionDeclaration","utilities/extensions","utilities/extensions/src/url-safety.ts","59","snapshot-modified-after-v2.15","tag-v2.13-source-identical","snapshot-modified-after-v2.15","C06","pure-url-safety","Pure URL safety helper phù hợp React, giữ protocol allowlist; không đồng nhất với prototype extensions."
"sdIsPathPrefix","FunctionDeclaration","utilities/extensions","utilities/extensions/src/url-safety.ts","130","snapshot-modified-after-v2.15","tag-v2.13-source-identical","snapshot-modified-after-v2.15","C06","pure-url-safety","Pure URL safety helper phù hợp React, giữ protocol allowlist; không đồng nhất với prototype extensions."
"sdIsSafeResourceUrl","FunctionDeclaration","utilities/extensions","utilities/extensions/src/url-safety.ts","163","snapshot-modified-after-v2.15","not-present-in-4db0ac9","snapshot-modified-after-v2.15","C06","pure-url-safety","Pure URL safety helper phù hợp React, giữ protocol allowlist; không đồng nhất với prototype extensions."
"sdMatchesSecureRoute","FunctionDeclaration","utilities/extensions","utilities/extensions/src/url-safety.ts","111","snapshot-modified-after-v2.15","tag-v2.13-source-identical","snapshot-modified-after-v2.15","C06","pure-url-safety","Pure URL safety helper phù hợp React, giữ protocol allowlist; không đồng nhất với prototype extensions."
"sdOpenExternal","FunctionDeclaration","utilities/extensions","utilities/extensions/src/url-safety.ts","76","snapshot-modified-after-v2.15","tag-v2.13-source-identical","snapshot-modified-after-v2.15","C06","pure-url-safety","Pure URL safety helper phù hợp React, giữ protocol allowlist; không đồng nhất với prototype extensions."
"sdParseUrl","FunctionDeclaration","utilities/extensions","utilities/extensions/src/url-safety.ts","41","snapshot-modified-after-v2.15","tag-v2.13-source-identical","snapshot-modified-after-v2.15","C06","pure-url-safety","Pure URL safety helper phù hợp React, giữ protocol allowlist; không đồng nhất với prototype extensions."
"sdResolveBaseOrigin","FunctionDeclaration","utilities/extensions","utilities/extensions/src/url-safety.ts","32","snapshot-modified-after-v2.15","tag-v2.13-source-identical","snapshot-modified-after-v2.15","C06","pure-url-safety","Pure URL safety helper phù hợp React, giữ protocol allowlist; không đồng nhất với prototype extensions."
"DefaultSdIconSet","FirstStatement","utilities/models","utilities/models/src/icon.model.ts","3","tag-v2.15-source-identical","tag-v2.13-source-identical","tag-v2.15-source-identical","S01","ReactNode-icon-contract","Icon presentation bằng ReactNode/SVG, không port Material font enum."
"DefaultSdMaterialIconSet","FirstStatement","utilities/models","utilities/models/src/icon.model.ts","4","tag-v2.15-source-identical","tag-v2.13-source-identical","tag-v2.15-source-identical","S01","ReactNode-icon-contract","Icon presentation bằng ReactNode/SVG, không port Material font enum."
"SdIconSet","TypeAliasDeclaration","utilities/models","utilities/models/src/icon.model.ts","1","tag-v2.15-source-identical","tag-v2.13-source-identical","tag-v2.15-source-identical","S01","ReactNode-icon-contract","Icon presentation bằng ReactNode/SVG, không port Material font enum."
"SdMaterialIconSet","TypeAliasDeclaration","utilities/models","utilities/models/src/icon.model.ts","2","tag-v2.15-source-identical","tag-v2.13-source-identical","tag-v2.15-source-identical","S01","ReactNode-icon-contract","Icon presentation bằng ReactNode/SVG, không port Material font enum."
"SdUnwrapSafe","TypeAliasDeclaration","utilities/models","utilities/models/src/unwrap-signal.model.ts","21","tag-v2.15-source-identical","tag-v2.13-source-identical","tag-v2.15-source-identical","EXCLUDED","Angular-signal-safe-types","Signal/SafeValue unwrap Angular không cần trong React typed props."
"SdUnwrapSignal","TypeAliasDeclaration","utilities/models","utilities/models/src/unwrap-signal.model.ts","6","tag-v2.15-source-identical","tag-v2.13-source-identical","tag-v2.15-source-identical","EXCLUDED","Angular-signal-safe-types","Signal/SafeValue unwrap Angular không cần trong React typed props."
"cloneReadRequest","FunctionDeclaration","utilities/read-state","utilities/read-state/src/read-state.ts","76","tag-v2.15-source-identical","tag-v2.13-source-identical","tag-v2.15-source-identical","C10,S05","async-state-contract","Tham khảo semantics; thay API Angular/template/token bằng contract React tại spec, không giữ từng symbol 1:1."
"combineReadStates","FunctionDeclaration","utilities/read-state","utilities/read-state/src/read-state.ts","16","tag-v2.15-source-identical","tag-v2.13-source-identical","tag-v2.15-source-identical","C10,S05","async-state-contract","Tham khảo semantics; thay API Angular/template/token bằng contract React tại spec, không giữ từng symbol 1:1."
"SdReadChannel","ClassDeclaration","utilities/read-state","utilities/read-state/src/read-state.ts","22","tag-v2.15-source-identical","tag-v2.13-source-identical","tag-v2.15-source-identical","C10,S05","async-state-contract","Tham khảo semantics; thay API Angular/template/token bằng contract React tại spec, không giữ từng symbol 1:1."
"SdReadOperation","TypeAliasDeclaration","utilities/read-state","utilities/read-state/src/read-state.ts","3","tag-v2.15-source-identical","tag-v2.13-source-identical","tag-v2.15-source-identical","C10,S05","async-state-contract","Tham khảo semantics; thay API Angular/template/token bằng contract React tại spec, không giữ từng symbol 1:1."
"SdReadState","TypeAliasDeclaration","utilities/read-state","utilities/read-state/src/read-state.ts","7","tag-v2.15-source-identical","tag-v2.13-source-identical","tag-v2.15-source-identical","C10,S05","async-state-contract","Tham khảo semantics; thay API Angular/template/token bằng contract React tại spec, không giữ từng symbol 1:1."
"SdReadStatus","TypeAliasDeclaration","utilities/read-state","utilities/read-state/src/read-state.ts","4","tag-v2.15-source-identical","tag-v2.13-source-identical","tag-v2.15-source-identical","C10,S05","async-state-contract","Tham khảo semantics; thay API Angular/template/token bằng contract React tại spec, không giữ từng symbol 1:1."
"SdSearchReadState","TypeAliasDeclaration","utilities/read-state","utilities/read-state/src/read-state.ts","11","tag-v2.15-source-identical","tag-v2.13-source-identical","tag-v2.15-source-identical","C10,S05","async-state-contract","Tham khảo semantics; thay API Angular/template/token bằng contract React tại spec, không giữ từng symbol 1:1."
"readSdTokens","FunctionDeclaration","utilities/theme","utilities/theme/src/theme-tokens.ts","153","snapshot-only-vs-v2.15","not-present-in-4db0ac9","snapshot-only-vs-v2.15","S01","P0-Nova-token-replacement","Tham khảo semantics; thay API Angular/template/token bằng contract React tại spec, không giữ từng symbol 1:1."
"SD_COLOR_TOKENS","FirstStatement","utilities/theme","utilities/theme/src/theme-tokens.ts","8","snapshot-only-vs-v2.15","not-present-in-4db0ac9","snapshot-only-vs-v2.15","S01","P0-Nova-token-replacement","Tham khảo semantics; thay API Angular/template/token bằng contract React tại spec, không giữ từng symbol 1:1."
"SdColorToken","TypeAliasDeclaration","utilities/theme","utilities/theme/src/theme-tokens.ts","140","snapshot-only-vs-v2.15","not-present-in-4db0ac9","snapshot-only-vs-v2.15","S01","P0-Nova-token-replacement","Tham khảo semantics; thay API Angular/template/token bằng contract React tại spec, không giữ từng symbol 1:1."
"SdFeelExpression","ClassDeclaration","components/form-generic","components/form-generic/src/components/sd-feel-expression/sd-feel-expression.component.ts","24","tag-v2.13-source-identical","tag-v2.13-source-identical","not-present-in-c421f687","X05","P3-renderer-only","Tham khảo semantics; thay API Angular/template/token bằng contract React tại spec, không giữ từng symbol 1:1."
"ISdFormGenericConfiguration","InterfaceDeclaration","components/form-generic","components/form-generic/src/configurations/form-generic.configuration.ts","4","tag-v2.13-source-identical","tag-v2.13-source-identical","not-present-in-c421f687","X05","P3-renderer-only","Tham khảo semantics; thay API Angular/template/token bằng contract React tại spec, không giữ từng symbol 1:1."
"SD_FORM_GENERIC_CONFIGURATION","FirstStatement","components/form-generic","components/form-generic/src/configurations/form-generic.configuration.ts","8","tag-v2.13-source-identical","tag-v2.13-source-identical","not-present-in-c421f687","X05","P3-renderer-only","Tham khảo semantics; thay API Angular/template/token bằng contract React tại spec, không giữ từng symbol 1:1."
"IWorkflowConfigurationForm","InterfaceDeclaration","components/form-generic","components/form-generic/src/configurations/form.configuration.ts","12","tag-v2.13-source-identical","tag-v2.13-source-identical","not-present-in-c421f687","X05","P3-renderer-only","Tham khảo semantics; thay API Angular/template/token bằng contract React tại spec, không giữ từng symbol 1:1."
"FormBuilderComponent","InterfaceDeclaration","components/form-generic","components/form-generic/src/models/form-generic-component.model.ts","458","tag-v2.13-source-identical","tag-v2.13-source-identical","not-present-in-c421f687","DEFERRED-APP","schema-designer","Form designer/build controls/pipes/config riêng để app sở hữu; X05 chỉ renderer nhỏ, không tuyên bố full parity."
"FormBuilderComponentGroup","TypeAliasDeclaration","components/form-generic","components/form-generic/src/models/form-generic-component.model.ts","456","tag-v2.13-source-identical","tag-v2.13-source-identical","not-present-in-c421f687","DEFERRED-APP","schema-designer","Form designer/build controls/pipes/config riêng để app sở hữu; X05 chỉ renderer nhỏ, không tuyên bố full parity."
"FormRenderComponentTableColumnValues","InterfaceDeclaration","components/form-generic","components/form-generic/src/models/form-generic-component.model.ts","303","tag-v2.13-source-identical","tag-v2.13-source-identical","not-present-in-c421f687","X05","P3-renderer-only","Tham khảo semantics; thay API Angular/template/token bằng contract React tại spec, không giữ từng symbol 1:1."
"SD_COMPONENT_ICONS","FirstStatement","components/form-generic","components/form-generic/src/models/form-generic-component.model.ts","489","tag-v2.13-source-identical","tag-v2.13-source-identical","not-present-in-c421f687","X05","P3-renderer-only","Tham khảo semantics; thay API Angular/template/token bằng contract React tại spec, không giữ từng symbol 1:1."
"SD_FORM_BUILDER_COMPONENTS","FirstStatement","components/form-generic","components/form-generic/src/models/form-generic-component.model.ts","467","tag-v2.13-source-identical","tag-v2.13-source-identical","not-present-in-c421f687","X05","P3-renderer-only","Tham khảo semantics; thay API Angular/template/token bằng contract React tại spec, không giữ từng symbol 1:1."
"SD_TABLE_COLUMN_TYPES","FirstStatement","components/form-generic","components/form-generic/src/models/form-generic-component.model.ts","319","tag-v2.13-source-identical","tag-v2.13-source-identical","not-present-in-c421f687","X05","P3-renderer-only","Tham khảo semantics; thay API Angular/template/token bằng contract React tại spec, không giữ từng symbol 1:1."
"sdFormatComponent","FirstStatement","components/form-generic","components/form-generic/src/models/form-generic-component.model.ts","61","tag-v2.13-source-identical","tag-v2.13-source-identical","not-present-in-c421f687","X05","P3-renderer-only","Tham khảo semantics; thay API Angular/template/token bằng contract React tại spec, không giữ từng symbol 1:1."
"SdFormGenericBreak","InterfaceDeclaration","components/form-generic","components/form-generic/src/models/form-generic-component.model.ts","430","tag-v2.13-source-identical","tag-v2.13-source-identical","not-present-in-c421f687","X05","P3-renderer-only","Tham khảo semantics; thay API Angular/template/token bằng contract React tại spec, không giữ từng symbol 1:1."
"SdFormGenericCheckbox","InterfaceDeclaration","components/form-generic","components/form-generic/src/models/form-generic-component.model.ts","230","tag-v2.13-source-identical","tag-v2.13-source-identical","not-present-in-c421f687","X05","P3-renderer-only","Tham khảo semantics; thay API Angular/template/token bằng contract React tại spec, không giữ từng symbol 1:1."
"SdFormGenericChecklist","InterfaceDeclaration","components/form-generic","components/form-generic/src/models/form-generic-component.model.ts","264","tag-v2.13-source-identical","tag-v2.13-source-identical","not-present-in-c421f687","X05","P3-renderer-only","Tham khảo semantics; thay API Angular/template/token bằng contract React tại spec, không giữ từng symbol 1:1."
"SdFormGenericChipCalendar","InterfaceDeclaration","components/form-generic","components/form-generic/src/models/form-generic-component.model.ts","201","tag-v2.13-source-identical","tag-v2.13-source-identical","not-present-in-c421f687","X05","P3-renderer-only","Tham khảo semantics; thay API Angular/template/token bằng contract React tại spec, không giữ từng symbol 1:1."
"SdFormGenericChipString","InterfaceDeclaration","components/form-generic","components/form-generic/src/models/form-generic-component.model.ts","190","tag-v2.13-source-identical","tag-v2.13-source-identical","not-present-in-c421f687","X05","P3-renderer-only","Tham khảo semantics; thay API Angular/template/token bằng contract React tại spec, không giữ từng symbol 1:1."
"SdFormGenericComponent","TypeAliasDeclaration","components/form-generic","components/form-generic/src/models/form-generic-component.model.ts","138","tag-v2.13-source-identical","tag-v2.13-source-identical","not-present-in-c421f687","X05","P3-renderer-only","Tham khảo semantics; thay API Angular/template/token bằng contract React tại spec, không giữ từng symbol 1:1."
"SdFormGenericComponentBase","InterfaceDeclaration","components/form-generic","components/form-generic/src/models/form-generic-component.model.ts","153","tag-v2.13-source-identical","tag-v2.13-source-identical","not-present-in-c421f687","X05","P3-renderer-only","Tham khảo semantics; thay API Angular/template/token bằng contract React tại spec, không giữ từng symbol 1:1."
"SdFormGenericDatetime","InterfaceDeclaration","components/form-generic","components/form-generic/src/models/form-generic-component.model.ts","235","tag-v2.13-source-identical","tag-v2.13-source-identical","not-present-in-c421f687","X05","P3-renderer-only","Tham khảo semantics; thay API Angular/template/token bằng contract React tại spec, không giữ từng symbol 1:1."
"SdFormGenericGroup","InterfaceDeclaration","components/form-generic","components/form-generic/src/models/form-generic-component.model.ts","273","tag-v2.13-source-identical","tag-v2.13-source-identical","not-present-in-c421f687","X05","P3-renderer-only","Tham khảo semantics; thay API Angular/template/token bằng contract React tại spec, không giữ từng symbol 1:1."
"SdFormGenericHtml","InterfaceDeclaration","components/form-generic","components/form-generic/src/models/form-generic-component.model.ts","434","tag-v2.13-source-identical","tag-v2.13-source-identical","not-present-in-c421f687","X05","P3-renderer-only","Tham khảo semantics; thay API Angular/template/token bằng contract React tại spec, không giữ từng symbol 1:1."
"SdFormGenericLayout","InterfaceDeclaration","components/form-generic","components/form-generic/src/models/form-generic-component.model.ts","19","tag-v2.13-source-identical","tag-v2.13-source-identical","not-present-in-c421f687","X05","P3-renderer-only","Tham khảo semantics; thay API Angular/template/token bằng contract React tại spec, không giữ từng symbol 1:1."
"SdFormGenericNumber","InterfaceDeclaration","components/form-generic","components/form-generic/src/models/form-generic-component.model.ts","221","tag-v2.13-source-identical","tag-v2.13-source-identical","not-present-in-c421f687","X05","P3-renderer-only","Tham khảo semantics; thay API Angular/template/token bằng contract React tại spec, không giữ từng symbol 1:1."
"SdFormGenericRadio","InterfaceDeclaration","components/form-generic","components/form-generic/src/models/form-generic-component.model.ts","244","tag-v2.13-source-identical","tag-v2.13-source-identical","not-present-in-c421f687","X05","P3-renderer-only","Tham khảo semantics; thay API Angular/template/token bằng contract React tại spec, không giữ từng symbol 1:1."
"SdFormGenericSelect","InterfaceDeclaration","components/form-generic","components/form-generic/src/models/form-generic-component.model.ts","253","tag-v2.13-source-identical","tag-v2.13-source-identical","not-present-in-c421f687","X05","P3-renderer-only","Tham khảo semantics; thay API Angular/template/token bằng contract React tại spec, không giữ từng symbol 1:1."
"SdFormGenericTable","InterfaceDeclaration","components/form-generic","components/form-generic/src/models/form-generic-component.model.ts","412","tag-v2.13-source-identical","tag-v2.13-source-identical","not-present-in-c421f687","X05","P3-renderer-only","Tham khảo semantics; thay API Angular/template/token bằng contract React tại spec, không giữ từng symbol 1:1."
"SdFormGenericTableColumn","TypeAliasDeclaration","components/form-generic","components/form-generic/src/models/form-generic-component.model.ts","308","tag-v2.13-source-identical","tag-v2.13-source-identical","not-present-in-c421f687","X05","P3-renderer-only","Tham khảo semantics; thay API Angular/template/token bằng contract React tại spec, không giữ từng symbol 1:1."
"SdFormGenericTextarea","InterfaceDeclaration","components/form-generic","components/form-generic/src/models/form-generic-component.model.ts","212","tag-v2.13-source-identical","tag-v2.13-source-identical","not-present-in-c421f687","X05","P3-renderer-only","Tham khảo semantics; thay API Angular/template/token bằng contract React tại spec, không giữ từng symbol 1:1."
"SdFormGenericTextfield","InterfaceDeclaration","components/form-generic","components/form-generic/src/models/form-generic-component.model.ts","179","tag-v2.13-source-identical","tag-v2.13-source-identical","not-present-in-c421f687","X05","P3-renderer-only","Tham khảo semantics; thay API Angular/template/token bằng contract React tại spec, không giữ từng symbol 1:1."
"SdFormGenericUpload","InterfaceDeclaration","components/form-generic","components/form-generic/src/models/form-generic-component.model.ts","290","tag-v2.13-source-identical","tag-v2.13-source-identical","not-present-in-c421f687","X05","P3-renderer-only","Tham khảo semantics; thay API Angular/template/token bằng contract React tại spec, không giữ từng symbol 1:1."
"SdFormGenericValues","TypeAliasDeclaration","components/form-generic","components/form-generic/src/models/form-generic-component.model.ts","152","tag-v2.13-source-identical","tag-v2.13-source-identical","not-present-in-c421f687","X05","P3-renderer-only","Tham khảo semantics; thay API Angular/template/token bằng contract React tại spec, không giữ từng symbol 1:1."
"SdFormGenericVariable","InterfaceDeclaration","components/form-generic","components/form-generic/src/models/form-generic-component.model.ts","132","tag-v2.13-source-identical","tag-v2.13-source-identical","not-present-in-c421f687","X05","P3-renderer-only","Tham khảo semantics; thay API Angular/template/token bằng contract React tại spec, không giữ từng symbol 1:1."
"SdFormRenderConfiguration","InterfaceDeclaration","components/form-generic","components/form-generic/src/models/form-generic-component.model.ts","11","tag-v2.13-source-identical","tag-v2.13-source-identical","not-present-in-c421f687","X05","P3-renderer-only","Tham khảo semantics; thay API Angular/template/token bằng contract React tại spec, không giữ từng symbol 1:1."
"sdGenerateId","FirstStatement","components/form-generic","components/form-generic/src/models/form-generic-component.model.ts","53","tag-v2.13-source-identical","tag-v2.13-source-identical","not-present-in-c421f687","X05","P3-renderer-only","Tham khảo semantics; thay API Angular/template/token bằng contract React tại spec, không giữ từng symbol 1:1."
"sdGenerateKey","FirstStatement","components/form-generic","components/form-generic/src/models/form-generic-component.model.ts","57","tag-v2.13-source-identical","tag-v2.13-source-identical","not-present-in-c421f687","X05","P3-renderer-only","Tham khảo semantics; thay API Angular/template/token bằng contract React tại spec, không giữ từng symbol 1:1."
"sdGetComponentAttributes","FirstStatement","components/form-generic","components/form-generic/src/models/form-generic-component.model.ts","494","tag-v2.13-source-identical","tag-v2.13-source-identical","not-present-in-c421f687","X05","P3-renderer-only","Tham khảo semantics; thay API Angular/template/token bằng contract React tại spec, không giữ từng symbol 1:1."
"sdGetVariableAttributes","FirstStatement","components/form-generic","components/form-generic/src/models/form-generic-component.model.ts","511","tag-v2.13-source-identical","tag-v2.13-source-identical","not-present-in-c421f687","X05","P3-renderer-only","Tham khảo semantics; thay API Angular/template/token bằng contract React tại spec, không giữ từng symbol 1:1."
"SdFormGenericDefinitionHtml","TypeAliasDeclaration","components/form-generic","components/form-generic/src/models/form-generic-definition-html.model.ts","1","tag-v2.13-source-identical","tag-v2.13-source-identical","not-present-in-c421f687","X05","P3-renderer-only","Tham khảo semantics; thay API Angular/template/token bằng contract React tại spec, không giữ từng symbol 1:1."
"SdFormGenericDefinitionSelection","TypeAliasDeclaration","components/form-generic","components/form-generic/src/models/form-generic-definition-selection.model.ts","21","tag-v2.13-source-identical","tag-v2.13-source-identical","not-present-in-c421f687","X05","P3-renderer-only","Tham khảo semantics; thay API Angular/template/token bằng contract React tại spec, không giữ từng symbol 1:1."
"SdFormGenericSelectionItem","InterfaceDeclaration","components/form-generic","components/form-generic/src/models/form-generic-definition-selection.model.ts","7","tag-v2.13-source-identical","tag-v2.13-source-identical","not-present-in-c421f687","X05","P3-renderer-only","Tham khảo semantics; thay API Angular/template/token bằng contract React tại spec, không giữ từng symbol 1:1."
"SdFormGenericSelectionStaticItem","InterfaceDeclaration","components/form-generic","components/form-generic/src/models/form-generic-definition-selection.model.ts","16","tag-v2.13-source-identical","tag-v2.13-source-identical","not-present-in-c421f687","X05","P3-renderer-only","Tham khảo semantics; thay API Angular/template/token bằng contract React tại spec, không giữ từng symbol 1:1."
"SdFormGenericDefinitionTable","InterfaceDeclaration","components/form-generic","components/form-generic/src/models/form-generic-definition-table.model.ts","3","tag-v2.13-source-identical","tag-v2.13-source-identical","not-present-in-c421f687","X05","P3-renderer-only","Tham khảo semantics; thay API Angular/template/token bằng contract React tại spec, không giữ từng symbol 1:1."
"Attribute","TypeAliasDeclaration","components/form-generic","components/form-generic/src/models/form-generic-expression.model.ts","81","tag-v2.13-source-identical","tag-v2.13-source-identical","not-present-in-c421f687","X05","P3-renderer-only","Tham khảo semantics; thay API Angular/template/token bằng contract React tại spec, không giữ từng symbol 1:1."
"DayInfo","InterfaceDeclaration","components/form-generic","components/form-generic/src/models/form-generic-expression.model.ts","103","tag-v2.13-source-identical","tag-v2.13-source-identical","not-present-in-c421f687","X05","P3-renderer-only","Tham khảo semantics; thay API Angular/template/token bằng contract React tại spec, không giữ từng symbol 1:1."
"SD_ATTRIBUTE_OPERATORS","FirstStatement","components/form-generic","components/form-generic/src/models/form-generic-expression.model.ts","154","tag-v2.13-source-identical","tag-v2.13-source-identical","not-present-in-c421f687","X05","P3-renderer-only","Tham khảo semantics; thay API Angular/template/token bằng contract React tại spec, không giữ từng symbol 1:1."
"SD_DAY_INFO_PREVIOUSES","FirstStatement","components/form-generic","components/form-generic/src/models/form-generic-expression.model.ts","116","tag-v2.13-source-identical","tag-v2.13-source-identical","not-present-in-c421f687","X05","P3-renderer-only","Tham khảo semantics; thay API Angular/template/token bằng contract React tại spec, không giữ từng symbol 1:1."
"SD_DAY_INFO_TYPES","FirstStatement","components/form-generic","components/form-generic/src/models/form-generic-expression.model.ts","109","tag-v2.13-source-identical","tag-v2.13-source-identical","not-present-in-c421f687","X05","P3-renderer-only","Tham khảo semantics; thay API Angular/template/token bằng contract React tại spec, không giữ từng symbol 1:1."
"sdEvaluateExpression","FirstStatement","components/form-generic","components/form-generic/src/models/form-generic-expression.model.ts","370","tag-v2.13-source-identical","tag-v2.13-source-identical","not-present-in-c421f687","X05","P3-renderer-only","Tham khảo semantics; thay API Angular/template/token bằng contract React tại spec, không giữ từng symbol 1:1."
"sdExpressionToJavascriptExpression","FirstStatement","components/form-generic","components/form-generic/src/models/form-generic-expression.model.ts","393","tag-v2.13-source-identical","tag-v2.13-source-identical","not-present-in-c421f687","X05","P3-renderer-only","Tham khảo semantics; thay API Angular/template/token bằng contract React tại spec, không giữ từng symbol 1:1."
"SdFormGenericExpression","InterfaceDeclaration","components/form-generic","components/form-generic/src/models/form-generic-expression.model.ts","5","tag-v2.13-source-identical","tag-v2.13-source-identical","not-present-in-c421f687","X05","P3-renderer-only","Tham khảo semantics; thay API Angular/template/token bằng contract React tại spec, không giữ từng symbol 1:1."
"SdFormGenericExpressionCondition","InterfaceDeclaration","components/form-generic","components/form-generic/src/models/form-generic-expression.model.ts","12","tag-v2.13-source-identical","tag-v2.13-source-identical","not-present-in-c421f687","X05","P3-renderer-only","Tham khảo semantics; thay API Angular/template/token bằng contract React tại spec, không giữ từng symbol 1:1."
"SdFormGenericOperator","TypeAliasDeclaration","components/form-generic","components/form-generic/src/models/form-generic-expression.model.ts","25","tag-v2.13-source-identical","tag-v2.13-source-identical","not-present-in-c421f687","X05","P3-renderer-only","Tham khảo semantics; thay API Angular/template/token bằng contract React tại spec, không giữ từng symbol 1:1."
"SdFormGenericOperators","FirstStatement","components/form-generic","components/form-generic/src/models/form-generic-expression.model.ts","34","tag-v2.13-source-identical","tag-v2.13-source-identical","not-present-in-c421f687","X05","P3-renderer-only","Tham khảo semantics; thay API Angular/template/token bằng contract React tại spec, không giữ từng symbol 1:1."
"sdGetAttributes","FirstStatement","components/form-generic","components/form-generic/src/models/form-generic-expression.model.ts","223","tag-v2.13-source-identical","tag-v2.13-source-identical","not-present-in-c421f687","X05","P3-renderer-only","Tham khảo semantics; thay API Angular/template/token bằng contract React tại spec, không giữ từng symbol 1:1."
"sdGetDatetimeValue","FirstStatement","components/form-generic","components/form-generic/src/models/form-generic-expression.model.ts","125","tag-v2.13-source-identical","tag-v2.13-source-identical","not-present-in-c421f687","X05","P3-renderer-only","Tham khảo semantics; thay API Angular/template/token bằng contract React tại spec, không giữ từng symbol 1:1."
"sdTemplateToCondition","FirstStatement","components/form-generic","components/form-generic/src/models/form-generic-expression.model.ts","279","tag-v2.13-source-identical","tag-v2.13-source-identical","not-present-in-c421f687","X05","P3-renderer-only","Tham khảo semantics; thay API Angular/template/token bằng contract React tại spec, không giữ từng symbol 1:1."
"SdFormGenericTemplate","InterfaceDeclaration","components/form-generic","components/form-generic/src/models/form-generic-template.model.ts","3","tag-v2.13-source-identical","tag-v2.13-source-identical","not-present-in-c421f687","X05","P3-renderer-only","Tham khảo semantics; thay API Angular/template/token bằng contract React tại spec, không giữ từng symbol 1:1."
"SdFormGenericValidation","TypeAliasDeclaration","components/form-generic","components/form-generic/src/models/form-generic-validation.model.ts","4","tag-v2.13-source-identical","tag-v2.13-source-identical","not-present-in-c421f687","X05","P3-renderer-only","Tham khảo semantics; thay API Angular/template/token bằng contract React tại spec, không giữ từng symbol 1:1."
"SdFormGenericValidationConfiguration","InterfaceDeclaration","components/form-generic","components/form-generic/src/models/form-generic-validation.model.ts","42","tag-v2.13-source-identical","tag-v2.13-source-identical","not-present-in-c421f687","X05","P3-renderer-only","Tham khảo semantics; thay API Angular/template/token bằng contract React tại spec, không giữ từng symbol 1:1."
"SdFormGenericValidationFunction","InterfaceDeclaration","components/form-generic","components/form-generic/src/models/form-generic-validation.model.ts","36","tag-v2.13-source-identical","tag-v2.13-source-identical","not-present-in-c421f687","X05","P3-renderer-only","Tham khảo semantics; thay API Angular/template/token bằng contract React tại spec, không giữ từng symbol 1:1."
"ValidationAlerts","FirstStatement","components/form-generic","components/form-generic/src/models/form-generic-validation.model.ts","10","tag-v2.13-source-identical","tag-v2.13-source-identical","not-present-in-c421f687","X05","P3-renderer-only","Tham khảo semantics; thay API Angular/template/token bằng contract React tại spec, không giữ từng symbol 1:1."
"SdFormGeneric","InterfaceDeclaration","components/form-generic","components/form-generic/src/models/form-generic.model.ts","4","tag-v2.13-source-identical","tag-v2.13-source-identical","not-present-in-c421f687","X05","P3-renderer-only","Tham khảo semantics; thay API Angular/template/token bằng contract React tại spec, không giữ từng symbol 1:1."
"SdFormGenericArgs","InterfaceDeclaration","components/form-generic","components/form-generic/src/models/form-render/form-render-args.model.ts","3","tag-v2.13-source-identical","tag-v2.13-source-identical","not-present-in-c421f687","X05","P3-renderer-only","Tham khảo semantics; thay API Angular/template/token bằng contract React tại spec, không giữ từng symbol 1:1."
"SdFormRenderEntity","TypeAliasDeclaration","components/form-generic","components/form-generic/src/models/form-render/form-render-entity.model.ts","1","tag-v2.13-source-identical","tag-v2.13-source-identical","not-present-in-c421f687","X05","P3-renderer-only","Tham khảo semantics; thay API Angular/template/token bằng contract React tại spec, không giữ từng symbol 1:1."